run_key,dataset,model,attack_id,attribute,target_items,selected_items,filler_items,budget,fake_users,unprivileged_group,privileged_group,precision,recall,ndcg,precision_f,recall_f,ndcg_f,precision_m,recall_m,ndcg_m,precision_y,recall_y,ndcg_y,precision_o,recall_o,ndcg_o,precision_gender_ratio,recall_gender_ratio,ndcg_gender_ratio,precision_age_ratio,recall_age_ratio,ndcg_age_ratio,mannwhitney_u,p_value
rk_394668bbef4bd9fe3c55,ml-100k,ease-i,cfair_influencer_nuke_favorite,age,10,,,0.1,67,y,o,0.1358719646799117,0.2072865202004274,0.1905667451880528,,,,,,,0.1350931677018633,0.1949836093857833,0.1828701093932788,0.1377862595419847,0.2375272628135223,0.2094851934774974,,,,0.9804545689165708,0.8208893879220123,0.8729500465288134,86038.5,0.2881500599836129
rk_28d43036045eaf1e9fda,ml-100k,ease-i,cfair_influencer_nuke_favorite,age,10,,,0.25,168,y,o,0.1379690949227373,0.210802761133887,0.1917114577846259,,,,,,,0.1372670807453416,0.1983584738243123,0.1842182039496458,0.1396946564885496,0.2413910093299406,0.2101299901118289,,,,0.9826222720021724,0.8217309931091507,0.8766868729761367,83333.0,0.6254781773818789
rk_d63f2107dad91fa6feea,ml-100k,ease-i,cfair_influencer_nuke_favorite,age,10,,,0.5,336,y,o,0.1362030905077262,0.2114063211745331,0.1917964665953407,,,,,,,0.1346273291925465,0.1987337326234841,0.1846602887685417,0.1400763358778626,0.2425557373076457,0.2093373006428923,,,,0.9610997342901144,0.819332227839328,0.8821184194189692,83717.5,0.5774689764552884
rk_58baa542c4313375ee4b,ml-100k,ease-i,cfair_influencer_nuke_favorite,age,10,,,1.0,671,y,o,0.1333333333333333,0.2044263989628227,0.1882939279397169,,,,,,,0.1330745341614906,0.1925767770876466,0.1808718286347277,0.1339694656488549,0.2335529504422634,0.2065375613458736,,,,0.9933198846242324,0.8245529620712436,0.8757333409773084,82471.5,0.7155689543341559
rk_3d98fec0fdddb4d34b37,ml-100k,ease-i,cfair_influencer_nuke_favorite,age,10,,,2.0,1342,y,o,0.133112582781457,0.2066619362976978,0.1887477976550552,,,,,,,,,,,,,,,,,,,,
rk_d779170c12ddb256f3d3,ml-100k,ease-i,cfair_influencer_nuke_favorite,age,10,,,3.0,2013,y,o,0.1309050772626931,0.2029030449560251,0.1854397447236674,,,,,,,,,,,,,,,,,,,,
rk_96dacafdd71c59814200,ml-100k,ease-u,cfair_influencer_nuke_favorite,age,10,,,0.1,67,y,o,0.1284768211920529,0.2044592487473282,0.1857643458610516,,,,,,,0.1290372670807453,0.1952023563048407,0.1801814259120279,0.1270992366412213,0.2272128316975645,0.1994872483311709,,,,1.0152481674220806,0.859116779833404,0.903222774484847,83525.5,0.6086789447017261
rk_93efa8d1462beebc155d,ml-100k,ease-u,cfair_influencer_nuke_favorite,age,10,,,0.25,168,y,o,0.1252759381898454,0.1984437962086969,0.1819933864045271,,,,,,,0.1267080745341614,0.1896535788228334,0.1772710754516266,0.1217557251908396,0.2200502847449412,0.193600898823107,,,,1.0406744679608246,0.8618647280673126,0.9156521303839554,81423.0,0.816039739751953
rk_476d1481895c98abf793,ml-100k,ease-u,cfair_influencer_nuke_favorite,age,10,,,0.5,336,y,o,0.1213024282560706,0.1933345597252881,0.1763597439611672,,,,,,,0.1217391304347826,0.1847363945578231,0.1715770470539518,0.1202290076335877,0.2144689809766145,0.1881156859773761,,,,1.0125603864734298,0.8613664955957737,0.9120826164097052,81958.5,0.7630985405988604
rk_c92891def007b1205ba2,ml-100k,ease-u,cfair_influencer_nuke_favorite,age,10,,,1.0,671,y,o,0.1195364238410596,0.1898323346998843,0.1708601736172661,,,,,,,0.1201863354037267,0.1819832643202208,0.1671062752220053,0.1179389312977099,0.2091254695262329,0.1800873131842433,,,,1.0190556594102391,0.8702109060770941,0.9279180874393002,82215.5,0.736226634971453
rk_3410af86040936df8801,ml-100k,ease-u,cfair_influencer_nuke_favorite,age,10,,,2.0,1342,y,o,0.1143487858719646,0.183618907459967,0.1612231378930164,,,,,,,,,,,,,,,,,,,,
rk_31ce64c86ed0a458fdf4,ml-100k,ease-u,cfair_influencer_nuke_favorite,age,10,,,3.0,2013,y,o,0.106401766004415,0.1724894004695329,0.149948952897653,,,,,,,,,,,,,,,,,,,,
rk_5ab6aa889046fd8761cb,ml-100k,slim-i,cfair_influencer_nuke_favorite,age,10,,,0.1,67,y,o,0.1356512141280353,0.2097690879147832,0.1923858801509146,,,,,,,0.1361801242236024,0.1995286157941437,0.1858113623581941,0.1343511450381679,0.234940324730401,0.208546145259739,,,,1.0136134246188593,0.8492736018097659,0.8909844012066046,87674.5,0.14364867805566883
rk_501a584c75c147c04cfe,ml-100k,slim-i,cfair_influencer_nuke_favorite,age,10,,,0.25,168,y,o,0.1363134657836644,0.2107629033953537,0.1925214200198842,,,,,,,0.1361801242236024,0.1989407719609582,0.1851320729883019,0.1366412213740458,0.2398218829516539,0.2106845478379722,,,,0.9966254901280404,0.829535526585216,0.8787169011116965,88440.5,0.10567376227494418
rk_8048e5589951178e15af,ml-100k,slim-i,cfair_influencer_nuke_favorite,age,10,,,0.5,336,y,o,0.1357615894039735,0.2086714671151757,0.1927645667874384,,,,,,,0.1360248447204969,0.1977496795819777,0.1858931498608994,0.1351145038167938,0.2355173876166242,0.2096546144999998,,,,1.0067375513211918,0.8396394065981876,0.886663765089223,91046.5,0.021450318221745576
rk_fbdaef59c1ae0329a0fd,ml-100k,slim-i,cfair_influencer_nuke_favorite,age,10,,,1.0,671,y,o,0.136644591611479,0.2104160096709765,0.1929906041801447,,,,,,,0.137111801242236,0.2001411071675047,0.1858187852020578,0.1354961832061068,0.2356718768932509,0.2106190447217018,,,,1.0119237162103054,0.8492362763256638,0.882250631454466,88333.5,0.11340908572602693
rk_5d67ca4fc6a4fb84f12b,ml-100k,slim-i,cfair_influencer_nuke_favorite,age,10,,,2.0,1342,y,o,0.1359823399558498,0.2104834612284943,0.1932476969629284,,,,,,,,,,,,,,,,,,,,
rk_1a05c49b9c9176cd2376,ml-100k,slim-i,cfair_influencer_nuke_favorite,age,10,,,3.0,2013,y,o,0.1358719646799117,0.2106875678895546,0.1935005817119043,,,,,,,,,,,,,,,,,,,,
rk_3422839a936bcce2e092,ml-100k,slim-u,cfair_influencer_nuke_favorite,age,10,,,0.1,67,y,o,0.1333333333333333,0.2029039209502786,0.1869059744494055,,,,,,,0.1324534161490683,0.1918281080548161,0.1810597829406752,0.1354961832061068,0.2301284381437053,0.2012760024326969,,,,0.9775435220015748,0.8335697647894683,0.89955971279397,90997.5,0.008127628143410287
rk_f97e85ec384956eeb1c4,ml-100k,slim-u,cfair_influencer_nuke_favorite,age,10,,,0.25,168,y,o,0.1349889624724062,0.20440931707488,0.1877500248147603,,,,,,,0.1338509316770186,0.1930512422360248,0.1816793677003677,0.1377862595419847,0.2323276384345086,0.2026717926837253,,,,0.9714388947196368,0.8309439356284097,0.8964215754675008,90078.5,0.03276766503678537
rk_d83fd967d24523205c01,ml-100k,slim-u,cfair_influencer_nuke_favorite,age,10,,,0.5,336,y,o,0.1335540838852097,0.203111093591226,0.1859850210937918,,,,,,,0.1329192546583851,0.1923136645962732,0.1797095430112505,0.1351145038167939,0.2296513389070641,0.201410242029504,,,,0.9837526757202512,0.8374158213556041,0.8922562288809793,92905.5,0.004469895129216336
rk_5ceab8c0d8287cff5072,ml-100k,slim-u,cfair_influencer_nuke_favorite,age,10,,,1.0,671,y,o,0.1341059602649006,0.20366121798241,0.1873202997031561,,,,,,,0.1338509316770186,0.1927425317953268,0.1803740926578006,0.1347328244274809,0.2304995153277595,0.2043941826696023,,,,0.9934545070645576,0.8361949547757441,0.882481537888828,92001.5,0.011089879594039299
rk_0b34cd36a5838de5955e,ml-100k,slim-u,cfair_influencer_nuke_favorite,age,10,,,2.0,1342,y,o,0.1334437086092715,0.2035460247380777,0.1848387798520713,,,,,,,,,,,,,,,,,,,,
rk_6c2717b63be4a515ec8c,ml-100k,slim-u,cfair_influencer_nuke_favorite,age,10,,,3.0,2013,y,o,0.1306843267108167,0.2013464031675952,0.1805748994914019,,,,,,,,,,,,,,,,,,,,
rk_ffe117e7b0c012dbe626,ml-100k,svd,cfair_influencer_nuke_favorite,age,10,,,0.1,67,y,o,0.118653421633554,0.1829443918847892,0.163213829145457,,,,,,,0.1201863354037267,0.1739290643793749,0.1606265464042864,0.1148854961832061,0.2051042045316854,0.1695734096237544,,,,1.0461401952085183,0.8480034077141775,0.9472389967311556,93863.0,0.0012587979038561098
rk_bff17f5e4be25c2f9907,ml-100k,svd,cfair_influencer_nuke_favorite,age,10,,,0.25,168,y,o,0.1190949227373068,0.1836854830232313,0.1622896323406935,,,,,,,0.120807453416149,0.1755003450655624,0.1593565217400201,0.114885496183206,0.2038046770871198,0.1694992629774631,,,,1.051546604486082,0.8611203019180065,0.9401605584633628,92631.0,0.006172779467907185
rk_10cbc1b2680342931e62,ml-100k,svd,cfair_influencer_nuke_favorite,age,10,,,0.5,336,y,o,0.1147902869757174,0.179664231402642,0.1563277259076226,,,,,,,0.1159937888198757,0.171165458937198,0.1531809203395655,0.1118320610687022,0.2005543438749545,0.16406262203674,,,,1.0372140843278994,0.8534617382504543,0.9336734866108766,91131.0,0.023257628424662537
rk_f1c577e5bc7f48120c6d,ml-100k,svd,cfair_influencer_nuke_favorite,age,10,,,1.0,671,y,o,0.1030905077262693,0.1601343775184834,0.1400853981321601,,,,,,,0.1040372670807453,0.1516520013802622,0.1362724289828928,0.1007633587786259,0.180984187568157,0.1494577345143287,,,,1.0324910596649728,0.8379295640021118,0.9117790352283724,89145.5,0.0825535127060556
rk_be2d1b73be33f876ce2c,ml-100k,svd,cfair_influencer_nuke_favorite,age,10,,,2.0,1342,y,o,0.0879690949227373,0.1326373558989453,0.1182023658283568,,,,,,,,,,,,,,,,,,,,
rk_8d7186b94883b2067caa,ml-100k,svd,cfair_influencer_nuke_favorite,age,10,,,3.0,2013,y,o,0.0801324503311258,0.1180673814779775,0.107415272441783,,,,,,,,,,,,,,,,,,,,
rk_4c461265b8a5c6f7ab37,ml-100k,mf,cfair_influencer_nuke_favorite,age,10,,,0.1,67,y,o,0.0811258278145695,0.1254598969830758,0.1107023242074334,,,,,,,0.0767080745341615,0.1103895543724736,0.1019104861549416,0.0919847328244274,0.1625030292015025,0.1323127963669935,,,,0.833921806139017,0.6793076714624896,0.7702239613489413,92013.5,0.013160069705177127
rk_b54c897a228a80fe2f84,ml-100k,mf,cfair_influencer_nuke_favorite,age,10,,,0.25,168,y,o,0.086644591611479,0.1289888398332107,0.1158152418714114,,,,,,,0.0846273291925465,0.1210662525879917,0.1112966834477117,0.0916030534351145,0.1484626802374894,0.1269219274624901,,,,0.9238483436853,0.8154658961722044,0.8768909019334248,89123.5,0.0842724291258804
rk_ceeabadb727203bc8221,ml-100k,mf,cfair_influencer_nuke_favorite,age,10,,,0.5,336,y,o,0.0791390728476821,0.119913101370055,0.1085931121549929,,,,,,,0.0756211180124223,0.108900842945874,0.0996948621600355,0.0877862595419847,0.1469814007027747,0.130465146493743,,,,0.8614231704023766,0.7409158058446654,0.764149390387699,89183.0,0.08090844204465508
rk_66ab33d9302d5931aef5,ml-100k,mf,cfair_influencer_nuke_favorite,age,10,,,1.0,671,y,o,0.0814569536423841,0.1266008794982305,0.1170799911799381,,,,,,,0.0809006211180124,0.1208321009563245,0.1144861099839087,0.082824427480916,0.1407806252271901,0.1234557907610181,,,,0.9767724761713944,0.8583006415927413,0.9273449975751028,83821.0,0.5625278533185091
rk_fb33889e05768fe1378e,ml-100k,mf,cfair_influencer_nuke_favorite,age,10,,,2.0,1342,y,o,0.075055187637969,0.1169031851151056,0.1051455149934349,,,,,,,,,,,,,,,,,,,,
rk_c2fdbb777496bd64c476,ml-100k,mf,cfair_influencer_nuke_favorite,age,10,,,3.0,2013,y,o,0.0742825607064017,0.1170770699744209,0.1017695741400509,,,,,,,,,,,,,,,,,,,,
rk_28b171134e42e40185ac,ml-100k,nmf,cfair_influencer_nuke_favorite,age,10,,,0.1,67,y,o,0.1178807947019867,0.1795595500893514,0.1608392316791095,,,,,,,0.117391304347826,0.1688202454895001,0.1554090502195363,0.1190839694656488,0.2059569247546347,0.1741867006102741,,,,0.9857859531772576,0.8196871539552406,0.8921981395540012,86865.5,0.2325275681272984
rk_35759d1b4af4056589b0,ml-100k,nmf,cfair_influencer_nuke_favorite,age,10,,,0.25,168,y,o,0.1156732891832229,0.1750455517011808,0.1573312190852673,,,,,,,0.1172360248447205,0.1650072710243517,0.1555757384402535,0.1118320610687022,0.1997197988610202,0.1616462173119425,,,,1.0483221334237809,0.8261938574210963,0.962445895903804,83273.5,0.6252237441987125
rk_2a6e5eef03408cc274fc,ml-100k,nmf,cfair_influencer_nuke_favorite,age,10,,,0.5,336,y,o,0.1126931567328918,0.1767865902799677,0.155575423237586,,,,,,,0.1141304347826087,0.1691992014196983,0.1506155514584726,0.1091603053435114,0.1954365079365079,0.16776686379388,,,,1.0455305564001218,0.8657502285840403,0.8977669848052969,85965.5,0.32117649076120036
rk_95177c0bc62b91460ebd,ml-100k,nmf,cfair_influencer_nuke_favorite,age,10,,,1.0,671,y,o,0.1131346578366445,0.172073303199131,0.1564204311718042,,,,,,,0.1152173913043478,0.1646412550527457,0.1536756078342753,0.1080152671755725,0.1903413910093299,0.1631672488411499,,,,1.0666769088953756,0.8649787320545301,0.941828761137506,82798.5,0.676375502751259
rk_504345997fb2fc7e167b,ml-100k,nmf,cfair_influencer_nuke_favorite,age,10,,,2.0,1342,y,o,0.1121412803532009,0.1706060128245559,0.1532042763445328,,,,,,,,,,,,,,,,,,,,
rk_3f4adcf4eadf869309b6,ml-100k,nmf,cfair_influencer_nuke_favorite,age,10,,,3.0,2013,y,o,0.1094922737306843,0.1711053295490381,0.1506654436021803,,,,,,,,,,,,,,,,,,,,
rk_574b8aa1bbbda6ac01b7,ml-100k,bnslim-u-age,cfair_influencer_nuke_favorite,age,10,,,0.1,67,y,o,0.1334437086092715,0.202876327131294,0.1868971762272993,,,,,,,0.1326086956521739,0.1917892881790397,0.1810486104214675,0.1354961832061068,0.2301284381437053,0.2012730402691148,,,,0.9786895284751992,0.8334010769206872,0.8995174424721469,90183.0,0.016961856549850024
rk_09e4ed76b1bdbc84f173,ml-100k,bnslim-u-age,cfair_influencer_nuke_favorite,age,10,,,0.25,168,y,o,0.1352097130242825,0.204642331546305,0.1879043606770564,,,,,,,0.1341614906832298,0.1933790545203588,0.181799482821083,0.1377862595419847,0.2323276384345086,0.202910243651281,,,,0.9736928132688702,0.8323549269617824,0.8959601030962305,90200.0,0.03054858027178972
rk_f703d315b70ae68c9efc,ml-100k,bnslim-u-age,cfair_influencer_nuke_favorite,age,10,,,0.5,336,y,o,0.1333333333333333,0.2028903430393496,0.185818754481143,,,,,,,0.1326086956521739,0.1920031055900621,0.1794777410304428,0.1351145038167939,0.2296513389070641,0.2014050623523296,,,,0.9814541881601572,0.8360635148213198,0.8911282513667506,92153.5,0.008591649440441175
rk_c444274a7c8f33afa221,ml-100k,bnslim-u-age,cfair_influencer_nuke_favorite,age,10,,,1.0,671,y,o,0.1339955849889624,0.2035981463961596,0.1872311580408085,,,,,,,0.1335403726708074,0.1924319727891156,0.1801217980040793,0.1351145038167939,0.2310447715982067,0.2047060735509366,,,,0.9883496508404392,0.8328774179047869,0.8799045132349727,92040.0,0.01081987078408959
rk_063a01d04e05cc004e8a,ml-100k,bnslim-u-age,cfair_influencer_nuke_favorite,age,10,,,2.0,1342,y,o,0.1334437086092715,0.2038219629279231,0.1848799147013638,,,,,,,,,,,,,,,,,,,,
rk_79e75cacce4fd49105f8,ml-100k,bnslim-u-age,cfair_influencer_nuke_favorite,age,10,,,3.0,2013,y,o,0.1310154525386313,0.2023029888923928,0.1809191943389163,,,,,,,,,,,,,,,,,,,,
rk_6b9752657487ab51a327,ml-100k,ease-i,cfair_influencer_nuke_favorite,age,10,,,0.75,503,y,o,0.1357615894039735,0.2103735239496828,0.1917401383332355,,,,,,,0.1354037267080745,0.199805900621118,0.1856425542230315,0.1366412213740458,0.2363489034290561,0.2067280931690041,,,,0.9909434747909366,0.845385350734631,0.8980035145550596,80286.5,0.8913384754891176
rk_3372030a5312bdafdf22,ml-100k,ease-u,cfair_influencer_nuke_favorite,age,10,,,0.75,503,y,o,0.119205298013245,0.1889296226216756,0.1710405346076663,,,,,,,0.1203416149068323,0.180771221532091,0.1680873477964083,0.116412213740458,0.2089830970556161,0.1782995128765602,,,,1.033754200183281,0.8650040318044616,0.94272466079466,80819.5,0.8517860296160243
rk_d6f9b8cb90b3a0182ffc,ml-100k,slim-i,cfair_influencer_nuke_favorite,age,10,,,0.75,503,y,o,0.1370860927152318,0.2119516275973229,0.1937985047476347,,,,,,,0.1368012422360248,0.1992180567879325,0.1862889383781493,0.1377862595419847,0.2432509390524657,0.2122571335336978,,,,0.9928511209373552,0.8189816555855683,0.8776569026292546,89645.5,0.054298727864727656
rk_8954b8a4c6c42c675ea7,ml-100k,slim-u,cfair_influencer_nuke_favorite,age,10,,,0.75,503,y,o,0.1341059602649006,0.2039432881320298,0.1859221572675361,,,,,,,0.1335403726708074,0.1936008823819383,0.1794097216203991,0.1354961832061068,0.2293650793650793,0.2019298235146974,,,,0.9855655673169452,0.8440730512153711,0.8884756025517982,91973.5,0.011042467348221053
rk_296d9e22b2b5dd3594f5,ml-100k,svd,cfair_influencer_nuke_favorite,age,10,,,0.75,503,y,o,0.1084988962472406,0.170392708223834,0.1485613547883134,,,,,,,0.1090062111801242,0.1604832150251405,0.1442566370669578,0.1072519083969465,0.1947503937961953,0.1591424166682868,,,,1.0163568444552509,0.8240456509324693,0.9064625263775108,92136.5,0.011643283904094033
rk_4e1499665ccd8bedec43,ml-100k,mf,cfair_influencer_nuke_favorite,age,10,,,0.75,503,y,o,0.0798013245033112,0.1260980587967343,0.1112893881270751,,,,,,,0.0787267080745341,0.1187888198757764,0.106774486634846,0.082442748091603,0.1440642796558827,0.122387084924768,,,,0.9549258109040718,0.8245542903453916,0.8724326320908848,86156.0,0.30226680966634734
rk_ee267be75d9a9758cf88,ml-100k,nmf,cfair_influencer_nuke_favorite,age,10,,,0.75,503,y,o,0.1143487858719646,0.1742825607064017,0.1561396024518241,,,,,,,0.1150621118012422,0.1667597111308291,0.1534092749975729,0.1125954198473282,0.1927738398158245,0.1628507890187621,,,,1.0219075692178123,0.8650536363759251,0.942023529157716,85059.0,0.41931601660581086
rk_c8c7a2cf318a5cbed688,ml-100k,bnslim-u-age,cfair_influencer_nuke_favorite,age,10,,,0.75,503,y,o,0.1342163355408388,0.2041482707873436,0.1860898457131101,,,,,,,0.1335403726708074,0.1936674307404121,0.1795011296961042,0.1358778625954198,0.2299103356355264,0.2022850102739949,,,,0.9827971247121224,0.8423606977262227,0.8873674300086302,92496.5,0.00719346409906436
rk_64c6dc751b1be6916f87,ml-100k,mf-value-age,cfair_influencer_nuke_favorite,age,10,,,0.1,67,y,o,0.0839955849889624,0.1245790847612039,0.106570712547545,,,,,,,0.0784161490683229,0.1092625455979493,0.0945839681414035,0.0977099236641221,0.1622273718647764,0.1360343133015725,,,,0.8025402756211181,0.6735148596811665,0.695294928506175,96892.5,0.00013773608374915378
rk_5754cb47103b399fc54c,ml-100k,mf-value-age,cfair_influencer_nuke_favorite,age,10,,,0.25,168,y,o,0.0815673289183223,0.1217430533655699,0.1111553890002498,,,,,,,0.0793478260869565,0.1142610667455387,0.1071416649904061,0.0870229007633587,0.1401338907064097,0.1210211838946746,,,,0.9118039664378336,0.8153706870590188,0.8853133107973241,85379.5,0.3848708193354955
rk_59bfc7005ad4cc6f29c5,ml-100k,mf-value-age,cfair_influencer_nuke_favorite,age,10,,,0.5,336,y,o,0.0781456953642384,0.1198986474648726,0.1080310166778653,,,,,,,0.0762422360248447,0.1127138174110223,0.1026641859556163,0.082824427480916,0.1375590694292984,0.1212227685295003,,,,0.9205283796548074,0.8193848495678736,0.8469051416742088,86694.5,0.250235134271156
rk_830899219e74af4925f6,ml-100k,mf-value-age,cfair_influencer_nuke_favorite,age,10,,,0.75,503,y,o,0.0775938189845474,0.1203213146921756,0.1101906698451663,,,,,,,0.0737577639751552,0.1081934585428374,0.1012684339327366,0.0870229007633588,0.150131770265358,0.1321216619352608,,,,0.8475672877846789,0.7206566494993392,0.7664786564852462,89626.5,0.0643691697791881
rk_e32604bb53f662123254,ml-100k,mf-value-age,cfair_influencer_nuke_favorite,age,10,,,1.0,671,y,o,0.0845474613686534,0.1289695679596342,0.1168837386460274,,,,,,,0.0818322981366459,0.1221963423050379,0.1121126637762732,0.0912213740458015,0.1456182600266569,0.1286111135167207,,,,0.8970737285272485,0.8391553523759222,0.8717183197523399,88428.0,0.12188666955179195
rk_99af658d0b7b29350921,ml-100k,mf-absolute-age,cfair_influencer_nuke_favorite,age,10,,,0.1,67,y,o,0.0772626931567329,0.1191855881425417,0.1060754755607941,,,,,,,0.0734472049689441,0.1091614906832298,0.0995402508302091,0.0866412213740458,0.1438249727371864,0.1221391577229952,,,,0.8477166388486058,0.7589884329941939,0.8149741056505471,89446.5,0.0706212540137603
rk_5cccf78a78be0660092c,ml-100k,mf-absolute-age,cfair_influencer_nuke_favorite,age,10,,,0.25,168,y,o,0.0817880794701986,0.1222607659693752,0.1126533011115265,,,,,,,0.0801242236024844,0.1155119294094449,0.1095568509427742,0.0858778625954198,0.1388495092693566,0.1202644229003681,,,,0.9330020703933746,0.8319217692398272,0.9109664213292368,85411.0,0.38041239697169343
rk_e2e4fbd9d89b972454a3,ml-100k,mf-absolute-age,cfair_influencer_nuke_favorite,age,10,,,0.5,336,y,o,0.0839955849889624,0.1245006832755177,0.114040155791262,,,,,,,0.0835403726708074,0.1187654047126096,0.1090430955580406,0.0851145038167938,0.1385980855446504,0.1263230061355161,,,,0.9815057237556752,0.8569050881611818,0.8632085230861428,86087.0,0.30865843140741367
rk_94af4b699227153d8596,ml-100k,mf-absolute-age,cfair_influencer_nuke_favorite,age,10,,,0.75,503,y,o,0.0790286975717439,0.1261650723571253,0.1126237226299178,,,,,,,0.0754658385093167,0.1143762939958592,0.1034110589278222,0.0877862595419847,0.1551420695504664,0.135268590661023,,,,0.8596543343235215,0.7372358402029278,0.7644868511047457,91384.5,0.020704907904222605
rk_c2cae1e9acb5b3b0fe07,ml-100k,mf-absolute-age,cfair_influencer_nuke_favorite,age,10,,,1.0,671,y,o,0.0821192052980132,0.1242777427380076,0.1140522570775982,,,,,,,0.0801242236024844,0.1179742186729764,0.111096794302661,0.0870229007633587,0.1397719011268629,0.1213168296999631,,,,0.9207257273618829,0.8440481793683124,0.9157574804536354,87294.0,0.19840280101101077
rk_227937b00aaa3708c8d0,ml-100k,mf-under-age,cfair_influencer_nuke_favorite,age,10,,,0.1,67,y,o,0.0809050772626931,0.1248764848102596,0.1117224686862859,,,,,,,0.0765527950310559,0.1118838114956127,0.1037947992885604,0.0916030534351145,0.1568126741790864,0.1312088010990157,,,,0.8357013457556935,0.7134870448535104,0.7910658310964404,92409.5,0.009347195955629163
rk_6401ad014f1c295126d2,ml-100k,mf-under-age,cfair_influencer_nuke_favorite,age,10,,,0.25,168,y,o,0.0823399558498896,0.1235699393811976,0.1128702130260437,,,,,,,0.0816770186335403,0.120430346051464,0.1120815885305241,0.0839694656488549,0.1312871077184054,0.1148086640760994,,,,0.9726990400903444,0.9173051957986024,0.9762467792172228,86088.5,0.3069109252694326
rk_d9bd66c90fe61d895950,ml-100k,mf-under-age,cfair_influencer_nuke_favorite,age,10,,,0.5,336,y,o,0.0855408388520971,0.1296677353796559,0.1156800600334655,,,,,,,0.0841614906832298,0.1218099921127871,0.1100570315253382,0.0889312977099236,0.1489821882951653,0.1295015499542057,,,,0.946365260043185,0.8176144645657617,0.8498510756377555,91141.0,0.024320735613505045
rk_3ca20f2bbdd94c4281de,ml-100k,mf-under-age,cfair_influencer_nuke_favorite,age,10,,,0.75,503,y,o,0.0823399558498896,0.1286130382984687,0.1155623700745284,,,,,,,0.0796583850931677,0.1191055407670314,0.1074483436638057,0.0889312977099236,0.1519826123833757,0.1355067708703505,,,,0.8957294804467784,0.7836787307391982,0.7929370833182172,91847.0,0.014446692540150477
rk_7ca738e3a759af6fedc1,ml-100k,mf-under-age,cfair_influencer_nuke_favorite,age,10,,,1.0,671,y,o,0.0241721854304635,0.0414384701636357,0.0308550130043448,,,,,,,0.0274844720496894,0.0442663659666765,0.0337021753180631,0.016030534351145,0.0344874591057797,0.0238566445690981,,,,1.714507542147294,1.2835496471602337,1.4126955373144965,79878.5,0.9299044529441832
rk_a040bf2739cb81159943,ml-100k,mf-over-age,cfair_influencer_nuke_favorite,age,10,,,0.1,67,y,o,0.0780353200883002,0.1183222958057395,0.1053210437962984,,,,,,,0.0720496894409937,0.1049652469683525,0.0971919371645036,0.0927480916030534,0.1511541257724463,0.1253025120057484,,,,0.7768320425325256,0.694425285660886,0.775658329659383,85470.5,0.37468736635992256
rk_e080a5f51b5995d97599,ml-100k,mf-over-age,cfair_influencer_nuke_favorite,age,10,,,0.25,168,y,o,0.0855408388520971,0.1276989382949648,0.1142691935961088,,,,,,,0.0826086956521739,0.1183408508330868,0.1099687829136836,0.0927480916030534,0.150701260147825,0.1248396687086348,,,,0.8906781177312579,0.785267825345353,0.8808801244926515,83653.0,0.5810459614157548
rk_9130892fd34db7d85623,ml-100k,mf-over-age,cfair_influencer_nuke_favorite,age,10,,,0.5,336,y,o,0.0814569536423841,0.1248856827499211,0.1121272046226014,,,,,,,0.0779503105590062,0.1158157103421078,0.1049136202712958,0.0900763358778626,0.1471798134011874,0.1298583050891692,,,,0.865380566375408,0.7868994236758114,0.8079084368092998,85224.5,0.40211207778213637
rk_3aabb3b4308c0855e000,ml-100k,mf-over-age,cfair_influencer_nuke_favorite,age,10,,,0.75,503,y,o,0.0801324503311258,0.1258387644977049,0.1136124163755348,,,,,,,0.0795031055900621,0.1177345213447697,0.1085830989294887,0.0816793893129771,0.1457591178965225,0.1259745554413885,,,,0.973355778719452,0.8077334923798869,0.8619446883462794,83253.0,0.6256272055136869
rk_046aacb138cb2ad1b757,ml-100k,mf-over-age,cfair_influencer_nuke_favorite,age,10,,,1.0,671,y,o,0.0847682119205298,0.1327941588703178,0.1167241826138446,,,,,,,0.0852484472049689,0.1289090998718328,0.1153474554421633,0.083587786259542,0.1423436932024718,0.1201081990205727,,,,1.0198672679315917,0.9056186260986678,0.9603628759965516,77442.0,0.9769405602625207
rk_da78b73838d551a0e699,ml-100k,neumf,cfair_influencer_nuke_favorite,age,10,,,0.1,67,y,o,0.0903973509933774,0.1348943550930305,0.123203639412493,,,,,,,0.0900621118012422,0.1301544168391994,0.1214285974772493,0.0912213740458015,0.146545195686417,0.127566719589199,,,,0.9872917695366304,0.8881520559548659,0.9518830449531336,84221.0,0.5167174626643732
rk_5a3311cfda5f2b748b68,ml-100k,neumf,cfair_influencer_nuke_favorite,age,10,,,0.25,168,y,o,0.0955849889624724,0.1477381828375206,0.1292946683995175,,,,,,,0.0933229813664596,0.1328336044562752,0.1223126932775731,0.1011450381679389,0.1843738640494365,0.1464564698442969,,,,0.9226649478495254,0.7204578867027395,0.8351470809559194,89272.5,0.07714465686272982
rk_a8e0de31d9125fc7ac48,ml-100k,neumf,cfair_influencer_nuke_favorite,age,10,,,0.5,336,y,o,0.0898454746136865,0.1411055923473142,0.1248798507313827,,,,,,,0.0888198757763975,0.1323381888987479,0.1215363741492291,0.0923664122137404,0.1626560038773779,0.1330981672157604,,,,0.961603613777527,0.813607771887192,0.9131333412894488,85676.0,0.35129012872033677
rk_86149d00e1288d3f8857,ml-100k,neumf,cfair_influencer_nuke_favorite,age,10,,,0.75,503,y,o,0.0913907284768212,0.139041311888994,0.1252216110942133,,,,,,,0.092391304347826,0.1301883072069407,0.1222182448590394,0.0889312977099236,0.1608021325578577,0.1326039311531906,,,,1.038906512409031,0.8096180388658594,0.9216788959133256,83126.0,0.6407954656363306
rk_9acf17d6bd2ef2ce6116,ml-100k,neumf,cfair_influencer_nuke_favorite,age,10,,,1.0,671,y,o,0.0962472406181015,0.1440655769298153,0.1278687569869882,,,,,,,0.0978260869565217,0.141156462585034,0.128719973797789,0.0923664122137404,0.1512162244032473,0.1257764530703634,,,,1.0591088753144091,0.9334743222302192,1.023402796434233,79393.0,0.9264394945776436
rk_0d167c4834f99fda6e37,ml-100k,ease-i,cfair_influencer_nuke_favorite,gender,10,,,0.1,27,f,m,0.1367549668874172,0.2084498405690459,0.1906988251850827,0.1301960784313725,0.2200840336134453,0.1891487439312802,0.1393241167434715,0.2038926681783824,0.191305999869752,,,,,,,0.9344834295349894,1.0794112195387886,0.9887235322470777,,,,83048.5,0.4931882890820614
rk_49c41737ee694674fc53,ml-100k,ease-i,cfair_influencer_nuke_favorite,gender,10,,,0.25,68,f,m,0.1370860927152318,0.2096013350152423,0.1909937614999892,0.132156862745098,0.2235325241207594,0.1910560347759439,0.1390168970814132,0.2041444176236803,0.1909693687421267,,,,,,,0.9506532336691584,1.094972503890942,1.0004538216489272,,,,78570.0,0.928207866323204
rk_a7eb968818f45321be52,ml-100k,ease-i,cfair_influencer_nuke_favorite,gender,10,,,0.5,136,f,m,0.1374172185430463,0.2108185290304495,0.1916063404212762,0.1309803921568627,0.2197852474323062,0.1899007022770917,0.1399385560675883,0.207306219979031,0.1922744475284454,,,,,,,0.9359850196939368,1.0601961072588049,0.9876543904722308,,,,81335.5,0.7000493917765096
rk_9b045ffa7044c05c0284,ml-100k,ease-i,cfair_influencer_nuke_favorite,gender,10,,,0.75,205,f,m,0.1364238410596026,0.2092084515925575,0.1917071893752467,0.1305882352941176,0.2248786181139122,0.1912675751603727,0.1387096774193548,0.2030703679321191,0.191879388491672,,,,,,,0.9414500683994528,1.1073925772817974,0.996811469245818,,,,81144.0,0.7189517328139757
rk_d031cdb8154b009fdb8b,ml-100k,ease-i,cfair_influencer_nuke_favorite,gender,10,,,1.0,273,f,m,0.1369757174392936,0.2102675286450121,0.1909327118091884,0.1305882352941176,0.2258154372860255,0.1900186087678217,0.1394777265745007,0.2041773340160436,0.1912907706041939,,,,,,,0.9362658719875616,1.1059770095160593,0.9933495911362892,,,,82669.0,0.541144221512672
rk_2a65cac4bd8059c7a51b,ml-100k,ease-u,cfair_influencer_nuke_favorite,gender,10,,,0.1,67,m,f,0.1286975717439293,0.2048836679631381,0.1861243152127904,0.1219607843137254,0.2235807656395891,0.1867282306083174,0.1313364055299539,0.1975599200253578,0.1858877584910402,,,,,,,1.0768740646346702,0.8836176916212157,0.9954989552755944,,,,82749.5,0.5335509556211202
rk_696ac8a16d797d75a282,ml-100k,ease-u,cfair_influencer_nuke_favorite,gender,10,,,0.25,168,m,f,0.1251655629139073,0.2001134412558254,0.1826501033227115,0.1223529411764706,0.2274587612822907,0.1872797380952683,0.1262672811059907,0.1894021407846292,0.1808366519141064,,,,,,,1.0319922013470395,0.8326878231327799,0.9655964588230872,,,,88473.5,0.0458804052693912
rk_4df9ca5973fea67eec4f,ml-100k,ease-u,cfair_influencer_nuke_favorite,gender,10,,,0.5,335,m,f,0.1253863134657836,0.1991257577350292,0.1805949465800695,0.1192156862745098,0.2218004979769685,0.1826751752270541,0.1278033794162826,0.190243947041182,0.1797801104741078,,,,,,,1.0720349260247393,0.8577255180957111,0.9841518435696152,,,,83288.0,0.4660898914336798
rk_96b09352ea74256b6673,ml-100k,ease-u,cfair_influencer_nuke_favorite,gender,10,,,0.75,502,m,f,0.121523178807947,0.1944177266197133,0.1756356845905532,0.1149019607843137,0.2106100217864923,0.1762748974310825,0.1241167434715822,0.1880751225221271,0.1753853016806685,,,,,,,1.0801969141724732,0.8930017713629499,0.994953361123005,,,,85276.5,0.2502146780865397
rk_6132d9f547a0fd13dd07,ml-100k,ease-u,cfair_influencer_nuke_favorite,gender,10,,,1.0,670,m,f,0.1195364238410596,0.1900614071971687,0.1722169841900088,0.1149019607843137,0.2125147836912542,0.1756158756981265,0.1213517665130568,0.1812663058054763,0.170885621156875,,,,,,,1.056133121530017,0.8529585690792394,0.9730647669383689,,,,87247.0,0.1042272630342923
rk_ab790f493f23f57f029f,ml-100k,slim-u,cfair_influencer_nuke_favorite,gender,10,,,0.1,27,f,m,0.1338852097130242,0.2029424646974316,0.1873321897214648,0.1258823529411764,0.2125692499221911,0.1831683483823052,0.1370199692780337,0.1991716041255211,0.1889631874810434,,,,,,,0.9187153785280928,1.0672668468755542,0.9693335025938872,,,,81985.0,0.6627515329304527
rk_1efbb926203233a01f6d,ml-100k,slim-u,cfair_influencer_nuke_favorite,gender,10,,,0.25,68,f,m,0.1341059602649006,0.2036178562668629,0.1878518004509362,0.1254901960784313,0.2114410208527856,0.1827702054121152,0.1374807987711213,0.2005534830419623,0.1898422869868799,,,,,,,0.9127834373973052,1.054287453130621,0.9627475959807968,,,,83441.5,0.4399703127988755
rk_834d0491bcc9688baf63,ml-100k,slim-u,cfair_influencer_nuke_favorite,gender,10,,,0.5,136,f,m,0.1345474613686534,0.206302778653772,0.1882292115080848,0.1290196078431373,0.2208325552443199,0.1839942090783896,0.1367127496159754,0.200611391510009,0.1898880834275507,,,,,,,0.943727693324521,1.100797684429112,0.9689613258358578,,,,81830.5,0.6458855988582194
rk_a99d97ac5e170c44bedf,ml-100k,slim-u,cfair_influencer_nuke_favorite,gender,10,,,0.75,205,f,m,0.1345474613686534,0.2052888153053716,0.1883033073694653,0.1274509803921568,0.2133317771553065,0.1823870909923353,0.1373271889400922,0.2021383463779777,0.190620719314424,,,,,,,0.928082642452954,1.0553750981834902,0.956806225725612,,,,82883.5,0.5149521810846716
rk_499851e7de0f6d25be83,ml-100k,slim-u,cfair_influencer_nuke_favorite,gender,10,,,1.0,273,f,m,0.1342163355408388,0.2036121623042152,0.1867895295015765,0.1274509803921568,0.2158714596949891,0.1815109802497466,0.1368663594470046,0.1988101333723453,0.1888571640011411,,,,,,,0.9312074998349508,1.0858171866455626,0.9611019058225924,,,,81369.0,0.6951700077823217
rk_fb56f88dfd9d4809eb8a,ml-100k,svd,cfair_influencer_nuke_favorite,gender,10,,,0.1,27,f,m,0.1199779249448123,0.1840538386068187,0.1636482372633945,0.0996078431372548,0.1703267973856209,0.1454886326696557,0.1279569892473118,0.1894307902372418,0.1707614464360572,,,,,,,0.7784478497281264,0.8991505402701683,0.8519992990580275,,,,81414.0,0.7097382339863099
rk_8cb62c120fcade15084e,ml-100k,svd,cfair_influencer_nuke_favorite,gender,10,,,0.25,68,f,m,0.1196467991169978,0.183218140089001,0.1632803973967397,0.1,0.1713849984438219,0.1458306999331922,0.1273425499231951,0.187853241655085,0.1701155323478988,,,,,,,0.7852834740651387,0.912334527388672,0.8572450611679463,,,,79759.0,0.8546994079313504
rk_12e2cf79b61f89e63c0e,ml-100k,svd,cfair_influencer_nuke_favorite,gender,10,,,0.5,136,f,m,0.1190949227373068,0.1851045937138652,0.1625726446970226,0.1003921568627451,0.1763460939931528,0.1460798680875114,0.12642089093702,0.1885353424523931,0.1690329488989048,,,,,,,0.7941104996068901,0.9353476738064735,0.8642094280380729,,,,76037.5,0.985943438264763
rk_06ba21cb70608335b144,ml-100k,svd,cfair_influencer_nuke_favorite,gender,10,,,0.75,205,f,m,0.1193156732891832,0.1877505343564946,0.1627457140168559,0.1011764705882353,0.1762433862433862,0.1467657033391063,0.12642089093702,0.1922579426035647,0.1690051652039929,,,,,,,0.8003144878850689,0.9167027580587376,0.868409572937945,,,,75340.0,0.9915338582549212
rk_481f00e41284461932f2,ml-100k,svd,cfair_influencer_nuke_favorite,gender,10,,,1.0,273,f,m,0.1171081677704194,0.1817946494270997,0.1593597830046098,0.0984313725490196,0.1715748521630875,0.1415648382371923,0.1244239631336405,0.1857977958208373,0.1663301530747964,,,,,,,0.7910965867828612,0.9234493412857016,0.8511074848439092,,,,77500.5,0.955061421429383
rk_43ea75b8f5f9fc8b4d4b,ml-100k,mf,cfair_influencer_nuke_favorite,gender,10,,,0.1,67,m,f,0.0805739514348785,0.1235817653036196,0.1108007017686264,0.0764705882352941,0.1258372237784002,0.1105247825536675,0.0821812596006144,0.1226982907858484,0.1109087807237946,,,,,,,1.0746780101618811,0.9750556083621208,1.0034743173544864,,,,80811.0,0.7392518693507193
rk_504b2492984696cb8a08,ml-100k,mf,cfair_influencer_nuke_favorite,gender,10,,,0.25,168,m,f,0.0835540838852097,0.1269674830933109,0.1133780046281248,0.0780392156862745,0.132902272019919,0.1124921825561585,0.0857142857142857,0.1246427961865749,0.1137249856240563,,,,,,,1.098348887293611,0.9378530125346076,1.0109590110164532,,,,82138.5,0.5994082032972727
rk_8740e0d21c400979a0ca,ml-100k,mf,cfair_influencer_nuke_favorite,gender,10,,,0.5,335,m,f,0.0784768211920529,0.1172711027015662,0.109349451121983,0.0749019607843137,0.1178633675692499,0.1057841685026299,0.0798771121351766,0.1170391095506302,0.1107459903968449,,,,,,,1.0664221777209448,0.99300666495775,1.046905146246828,,,,80566.0,0.7613475213156685
rk_cf5742f178f55e509e0c,ml-100k,mf,cfair_influencer_nuke_favorite,gender,10,,,0.75,502,m,f,0.0842163355408388,0.1305616875153299,0.1172666714796461,0.0756862745098039,0.1338951136009959,0.1131599015240537,0.0875576036866359,0.1292559676200229,0.1188753140889795,,,,,,,1.1568491678804231,0.9653523877294166,1.0505074013670026,,,,82069.0,0.6073566867833811
rk_bffff883fb50d906a22a,ml-100k,mf,cfair_influencer_nuke_favorite,gender,10,,,1.0,670,m,f,0.0812362030905077,0.1220264375065699,0.1105342409143066,0.0729411764705882,0.1258745720510426,0.1040968998943076,0.0844854070660522,0.1205191036988272,0.1130557800235228,,,,,,,1.158267677518458,0.9574539300118232,1.0860628908095376,,,,80594.0,0.7600408739150737
rk_5b74f95d51fcffdb3730,ml-100k,nmf,cfair_influencer_nuke_favorite,gender,10,,,0.1,27,f,m,0.1158940397350993,0.1741314516976768,0.1575290834323457,0.0988235294117647,0.1652801120448179,0.1408980548479629,0.1225806451612903,0.1775985663082437,0.1640435416336017,,,,,,,0.8061919504643964,0.9306387741776831,0.8589064430385484,,,,82329.5,0.5786888949434411
rk_46a9ff6b73187b165974,ml-100k,nmf,cfair_influencer_nuke_favorite,gender,10,,,0.25,68,f,m,0.1173289183222958,0.1769070394898209,0.1587479302152133,0.1070588235294117,0.1801089324618736,0.152740144391618,0.1213517665130568,0.175652841781874,0.1611012103765294,,,,,,,0.8822189128816083,1.025368736621598,0.9481005390004849,,,,81548.5,0.6650420461650528
rk_2259b99632ed0efa7033,ml-100k,nmf,cfair_influencer_nuke_favorite,gender,10,,,0.5,136,f,m,0.114569536423841,0.172663723325975,0.1568468088416557,0.1062745098039215,0.170645813881108,0.1458218781722385,0.1178187403993855,0.1734541486845634,0.1611653300716117,,,,,,,0.9020170258455402,0.9838093535106932,0.904796820181142,,,,82266.0,0.585580632607015
rk_ba3e663d0af579021655,ml-100k,nmf,cfair_influencer_nuke_favorite,gender,10,,,0.75,205,f,m,0.1176600441501103,0.1809536949437611,0.1615449421574111,0.1054901960784313,0.1779084967320261,0.1491734742022315,0.1224270353302611,0.1821465145197864,0.1663909088679653,,,,,,,0.8616576869141633,0.9767329185577144,0.8965241864301843,,,,84259.0,0.3557368346200383
rk_7867d100aa7c26fc20f1,ml-100k,nmf,cfair_influencer_nuke_favorite,gender,10,,,1.0,273,f,m,0.1157836644591611,0.1752627982760433,0.1593481527565771,0.112156862745098,0.1882633053221288,0.1607471399921331,0.1172043010752688,0.1701704337649038,0.1588001623647695,,,,,,,0.9569347004856986,1.106322062869164,1.012260551868274,,,,77911.0,0.9333307604828872
rk_9d8f0e6ceb76d66dba8d,ml-100k,neumf,cfair_influencer_nuke_favorite,gender,10,,,0.1,27,f,m,0.0980132450331125,0.1463961596411928,0.1317253149949757,0.0870588235294117,0.1391736694677871,0.115491783018763,0.1023041474654377,0.1492252456538171,0.1380840717598516,,,,,,,0.8509803921568627,0.9326415839224128,0.836387438079173,,,,88073.0,0.0682899381258348
rk_c76333ec9c7d0da3714e,ml-100k,neumf,cfair_influencer_nuke_favorite,gender,10,,,0.25,68,f,m,0.0993377483443708,0.1463414100003504,0.1332177725968416,0.0909803921568627,0.1428680361033302,0.1221766261909743,0.1026113671274961,0.1477019481627776,0.1375426456129647,,,,,,,0.8866502289538569,0.9672725233514178,0.8882817808723179,,,,81943.5,0.6221716931207615
rk_39f3751a22b18d24a846,ml-100k,neumf,cfair_influencer_nuke_favorite,gender,10,,,0.5,136,f,m,0.0985651214128035,0.1476159816391604,0.1357346043338405,0.0858823529411764,0.1390600684718332,0.121987853180665,0.1035330261136712,0.1509673761977909,0.1411192764445314,,,,,,,0.8295164950253099,0.9211266167177914,0.8644308293956834,,,,85952.5,0.1932370198511083
rk_2ccb9f6714676efebe98,ml-100k,neumf,cfair_influencer_nuke_favorite,gender,10,,,0.75,205,f,m,0.0878587196467991,0.1297579627877641,0.1191376408180455,0.0788235294117647,0.1242281356987239,0.1079575675050027,0.0913978494623656,0.1319240240899227,0.1235169322079471,,,,,,,0.8624221453287196,0.9416642386078744,0.874030512053607,,,,87075.5,0.1162622170195749
rk_c20922b049b67b944436,ml-100k,neumf,cfair_influencer_nuke_favorite,gender,10,,,1.0,273,f,m,0.0960264900662251,0.1447405305021199,0.1251214829279285,0.0874509803921568,0.1508979147214441,0.1168880223050382,0.0993855606758832,0.1423286518908638,0.1283465711903509,,,,,,,0.8799163560323666,1.060207573926514,0.9107218153236168,,,,82729.5,0.5318939053136746
rk_187596b0ee5614b2ad4e,ml-100k,bnslim-u-gender,cfair_influencer_nuke_favorite,gender,10,,,0.1,27,f,m,0.1339955849889624,0.2030528399733698,0.187535374723003,0.1258823529411764,0.2125692499221911,0.1830466111519686,0.1371735791090629,0.1993252139565504,0.1892936461678781,,,,,,,0.9176865819116,1.0664443584569672,0.9669981790600136,,,,82876.0,0.5209416563551162
rk_c15892c63f739645e4e8,ml-100k,bnslim-u-gender,cfair_influencer_nuke_favorite,gender,10,,,0.25,68,f,m,0.1342163355408388,0.2037282315428011,0.1879936647606908,0.1258823529411764,0.2118331777155306,0.1831938405113178,0.1374807987711213,0.2005534830419623,0.1898737802500766,,,,,,,0.915635885639172,1.056242826115407,0.964819051214123,,,,82128.0,0.6188536157498623
rk_28514d656b341460868a,ml-100k,bnslim-u-gender,cfair_influencer_nuke_favorite,gender,10,,,0.5,136,f,m,0.134326710816777,0.2056405269981429,0.1880778924354197,0.1286274509803921,0.2204403983815749,0.1838236395605127,0.1365591397849462,0.1998433423548631,0.1897443048518579,,,,,,,0.941917554423344,1.1030660105260723,0.9687966113345656,,,,81877.5,0.6409185387597958
rk_4b60583fe7163d39e2bf,ml-100k,bnslim-u-gender,cfair_influencer_nuke_favorite,gender,10,,,0.75,205,f,m,0.134878587196468,0.2056795087424226,0.1885061998369229,0.1274509803921568,0.2133317771553065,0.1823870909923353,0.1377880184331797,0.2026820764147953,0.190903085789872,,,,,,,0.9249786871270248,1.0525438703258412,0.9553910050102056,,,,82954.0,0.506157529498628
rk_c11db3b1afbcc35ef70d,ml-100k,bnslim-u-gender,cfair_influencer_nuke_favorite,gender,10,,,1.0,273,f,m,0.1342163355408388,0.204053663407968,0.1869012561048345,0.1270588235294117,0.215479302832244,0.18121648214685,0.1370199692780338,0.1995781825274913,0.1891280108810036,,,,,,,0.9273015035610656,1.079673640191419,0.958168392416862,,,,81776.5,0.6497943095001545
rk_dfa5855d902734de679b,ml-100k,mf-value-gender,cfair_influencer_nuke_favorite,gender,10,,,0.1,67,m,f,0.0800220750551876,0.1211184694628403,0.107660534227597,0.0772549019607843,0.1246358543417367,0.109784682634166,0.0811059907834101,0.119740691975715,0.1068284945291714,,,,,,,1.0498491192776436,0.9607242844214016,0.9730728546636552,,,,86077.0,0.1848184899367903
rk_5b037ecad43ae1ab7e27,ml-100k,mf-value-gender,cfair_influencer_nuke_favorite,gender,10,,,0.25,168,m,f,0.0814569536423841,0.1219217561932793,0.1106488223502801,0.0725490196078431,0.1168938686585745,0.1005241751441003,0.0849462365591397,0.1238912052276107,0.1146146979840371,,,,,,,1.170880557977332,1.0598605953360491,1.1401704895338678,,,,82083.5,0.6055873591205547
rk_178596e6703a0f1b884e,ml-100k,mf-value-gender,cfair_influencer_nuke_favorite,gender,10,,,0.5,335,m,f,0.0767108167770419,0.1184392410385788,0.1071605224686028,0.0698039215686274,0.1165748521630874,0.0982673441207182,0.0794162826420891,0.1191695316119279,0.1106440255080968,,,,,,,1.1377051726816134,1.0222576259004006,1.125949077978277,,,,84203.0,0.3628961132513016
rk_376f0cc1b1a40c991f89,ml-100k,mf-value-gender,cfair_influencer_nuke_favorite,gender,10,,,0.75,502,m,f,0.0818984547461368,0.1255203405865657,0.1122013211388395,0.072156862745098,0.1199408652349828,0.0990889646965833,0.0857142857142857,0.1277058493648355,0.1173374976254376,,,,,,,1.187888198757764,1.0647401043392497,1.1841631203306289,,,,82278.0,0.5834737270107346
rk_4742e4f2e5938553da56,ml-100k,mf-value-gender,cfair_influencer_nuke_favorite,gender,10,,,1.0,670,m,f,0.0804635761589404,0.1226089736851326,0.1075894129354634,0.0733333333333333,0.129973544973545,0.1083117903091488,0.0832565284178187,0.1197242337795333,0.1073064540563699,,,,,,,1.1353162966066193,0.9211430972656948,0.9907181272702684,,,,84381.5,0.3438910058569515
rk_a0b15f694ee03cff41a3,ml-100k,mf-absolute-gender,cfair_influencer_nuke_favorite,gender,10,,,0.1,67,m,f,0.0774834437086092,0.1191523003609096,0.1074851498988215,0.0729411764705882,0.1200155617802676,0.1075664838558155,0.0792626728110599,0.1188141564869675,0.107453290975575,,,,,,,1.0866656756354989,0.9899895873878444,0.9989476937779972,,,,87777.0,0.081148135909673
rk_a3ced37382893c89388e,ml-100k,mf-absolute-gender,cfair_influencer_nuke_favorite,gender,10,,,0.25,168,m,f,0.0786975717439293,0.1164875258418304,0.1062857673380264,0.0686274509803921,0.1049564270152505,0.0934415560570034,0.0826420890937019,0.1210043157047765,0.1113169100057082,,,,,,,1.2042132982225149,1.1529004859053955,1.191299831712992,,,,82172.0,0.5961764357803679
rk_297c53bf0e3d780ebe25,ml-100k,mf-absolute-gender,cfair_influencer_nuke_favorite,gender,10,,,0.5,335,m,f,0.0794701986754966,0.1196516170853919,0.106442916566106,0.0709803921568627,0.1109072517896047,0.0959787868942235,0.0827956989247312,0.1230768292980274,0.1105417692025578,,,,,,,1.1664587417572627,1.109727518372819,1.1517312604126146,,,,82696.5,0.5357977835696203
rk_d87298dc4c1647404282,ml-100k,mf-absolute-gender,cfair_influencer_nuke_favorite,gender,10,,,0.75,502,m,f,0.0839955849889624,0.1292069624023266,0.1150404355869046,0.0741176470588235,0.1195704948646125,0.0981522220785224,0.0878648233486943,0.1329816155853022,0.1216556344265934,,,,,,,1.1854777753395265,1.112160786286574,1.239458790135879,,,,81094.5,0.711022805524427
rk_6e7be29a4dd52f29464b,ml-100k,mf-absolute-gender,cfair_influencer_nuke_favorite,gender,10,,,1.0,670,m,f,0.0786975717439293,0.1202157573846315,0.108584367731491,0.0701960784313725,0.1265919701213819,0.1125039887434673,0.0820276497695852,0.1177181625338307,0.1070490323120533,,,,,,,1.1685503179466057,0.9299022870167628,0.9515132175104256,,,,86401.0,0.1584921926828038
rk_d0a96fab6c13b3c41eb4,ml-100k,mf-under-gender,cfair_influencer_nuke_favorite,gender,10,,,0.1,67,m,f,0.0823399558498896,0.1247783734538701,0.1107048704894343,0.0772549019607843,0.1238608776844071,0.1095368656552469,0.084331797235023,0.125137761197669,0.1111623839037474,,,,,,,1.0916044819761863,1.0103090139286384,1.0148399193164483,,,,79933.0,0.8176866598628232
rk_c65aceace602d17b459a,ml-100k,mf-under-gender,cfair_influencer_nuke_favorite,gender,10,,,0.25,168,m,f,0.0812362030905077,0.1204693577210133,0.1101186798743017,0.0749019607843137,0.1194631185807656,0.1051422184914815,0.0837173579109063,0.1208635066929997,0.1120679850242542,,,,,,,1.1176924747267594,1.0117223468537475,1.065870462238096,,,,78968.0,0.883364389977538
rk_35258c37baa330f95466,ml-100k,mf-under-gender,cfair_influencer_nuke_favorite,gender,10,,,0.5,335,m,f,0.0801324503311258,0.1214211254774168,0.1089313110334496,0.0705882352941176,0.1145487083722377,0.1014896891868533,0.0838709677419354,0.1241130860946529,0.1118462320332684,,,,,,,1.1881720430107527,1.0834961638444207,1.1020452710949538,,,,79320.5,0.8618392869204521
rk_f822f737062cf6d3492d,ml-100k,mf-under-gender,cfair_influencer_nuke_favorite,gender,10,,,0.75,502,m,f,0.0827814569536423,0.1281527033182662,0.1136166862837867,0.0694117647058823,0.1130127606598194,0.0969711873402768,0.0880184331797235,0.1340830956038329,0.1201368125980648,,,,,,,1.2680621729282198,1.1864420869023582,1.2388918388355763,,,,75447.5,0.9869097724138072
rk_0791660b4aa1c8b4a546,ml-100k,mf-under-gender,cfair_influencer_nuke_favorite,gender,10,,,1.0,670,m,f,0.0818984547461368,0.1233724026770384,0.1108261893302896,0.0756862745098039,0.1335901027077497,0.1142028107246729,0.084331797235023,0.119370077780216,0.1095035496135957,,,,,,,1.114228409063776,0.8935548020451609,0.9588516159868732,,,,80738.5,0.7484667887961708
rk_f7ba2090ee445ba89f64,ml-100k,mf-over-gender,cfair_influencer_nuke_favorite,gender,10,,,0.1,67,m,f,0.0799116997792494,0.1181400890010161,0.1056761751385207,0.0756862745098039,0.1123638344226579,0.1029417081231003,0.0815668202764976,0.1204026771999122,0.1067472797298144,,,,,,,1.0776963300780782,1.071542973044299,1.036968218966828,,,,81738.0,0.6427218941062739
rk_4b95e9ede2d948e65722,ml-100k,mf-over-gender,cfair_influencer_nuke_favorite,gender,10,,,0.25,168,m,f,0.0842163355408388,0.1220141735870212,0.1120547683754637,0.0780392156862745,0.1189526921879863,0.1064372513008174,0.0866359447004608,0.1232133713700533,0.1142551782894957,,,,,,,1.1101590903827896,1.0358182660997175,1.0734510417464924,,,,80884.5,0.7294603835888382
rk_ef0aa07c394737ec5d40,ml-100k,mf-over-gender,cfair_influencer_nuke_favorite,gender,10,,,0.5,335,m,f,0.0785871964679911,0.1208837030029083,0.1093571531270906,0.0741176470588235,0.1245627139744786,0.106296290793151,0.0803379416282642,0.1194426157559798,0.1105561084191867,,,,,,,1.0839246092702313,0.9588954185796892,1.0400749414137611,,,,83014.0,0.4987314966837203
rk_e1633c0eb247ce608b2e,ml-100k,mf-over-gender,cfair_influencer_nuke_favorite,gender,10,,,0.75,502,m,f,0.0823399558498896,0.1307088545499141,0.1161401435378143,0.0752941176470588,0.1356037970743853,0.1102548998179624,0.0850998463901689,0.1287914807500061,0.118445423335913,,,,,,,1.130232334869432,0.9497630857590048,1.0742871612188998,,,,81520.5,0.6660454249120373
rk_4ea3b49e92b349024405,ml-100k,mf-over-gender,cfair_influencer_nuke_favorite,gender,10,,,1.0,670,m,f,0.0811258278145695,0.1232637793896072,0.1102575673134502,0.0698039215686274,0.1236663554310613,0.1042624001216898,0.0855606758832565,0.1231060883134615,0.1126059046927112,,,,,,,1.2257287837208095,0.9954695267306388,1.0800240984408889,,,,78584.0,0.900054801865391
rk_a4fc287446ea0d5f082f,ml-100k,slim-i,cfair_influencer_nuke_favorite,gender,10,,,0.1,27,f,m,0.1373068432671081,0.2141700830442552,0.1943568861173262,0.1250980392156862,0.2234780578898225,0.1868662635595056,0.1420890937019969,0.2105241021139638,0.1972910009441223,,,,,,,0.8804197138314784,1.0615319369411027,0.9471606037035152,,,,85937.0,0.1537737219980744
rk_9134d15f56180ad10236,ml-100k,slim-i,cfair_influencer_nuke_favorite,gender,10,,,0.25,68,f,m,0.1368653421633554,0.2122227478187743,0.1936425359456784,0.1266666666666666,0.2243930905695612,0.1875072749996893,0.1408602150537634,0.2074555628703094,0.1960457487586235,,,,,,,0.899236641221374,1.081644123998932,0.956446524278132,,,,82254.5,0.5942691850383339
rk_3d7ca96ceb04ec0e51ba,ml-100k,slim-i,cfair_influencer_nuke_favorite,gender,10,,,0.5,136,f,m,0.1363134657836645,0.2122687375170819,0.1935145423003036,0.128235294117647,0.2268923124805477,0.1901088188572516,0.1394777265745007,0.2065406090751712,0.194848581436983,,,,,,,0.9193962166364342,1.0985360869056475,0.9756746364547476,,,,79246.5,0.878249832019821
rk_2f015aadbc1206f1cf7a,ml-100k,slim-i,cfair_influencer_nuke_favorite,gender,10,,,0.75,205,f,m,0.1374172185430464,0.2139488944952521,0.1951923636538252,0.1294117647058823,0.2289184562713974,0.1907406949828932,0.140552995391705,0.2080852412649648,0.1969361048382917,,,,,,,0.9207328833172614,1.1001186575260506,0.9685410155721028,,,,79774.0,0.8403417342619119
rk_029ac2981ac82f19f7c9,ml-100k,slim-i,cfair_influencer_nuke_favorite,gender,10,,,1.0,273,f,m,0.1375275938189845,0.2132608010091453,0.1934933344407897,0.128235294117647,0.22567849361967,0.1889069882225342,0.1411674347158218,0.2083967278667739,0.1952898295032401,,,,,,,0.9083914741086856,1.0829272413717754,0.9673160589215426,,,,78685.5,0.9084992558688896
