dataset,attack_id,model,model_kind,p_value,significant_uncorrected,p_value_bh,significant_bh
ml-100k,cfair_influencer_push_random,neumf,base,0.5146434424670913,False,0.8466916173438601,False
ml-100k,cfair_influencer_push_random,ease-i,base,0.1421133431061624,False,0.47371114368720796,False
ml-100k,cfair_influencer_push_random,ease-u,base,0.0989355452819302,False,0.40560222901833204,False
ml-100k,cfair_influencer_push_random,slim-u,base,0.2551389105054433,False,0.6333313106766377,False
ml-100k,cfair_influencer_push_random,svd,base,0.3697044082256606,False,0.7209235960400382,False
ml-100k,cfair_influencer_push_random,mf,base,0.3835983332629304,False,0.7442952734952382,False
ml-100k,cfair_influencer_push_random,nmf,base,0.4315829668278127,False,0.7976364710762303,False
ml-100k,cfair_influencer_push_random,bnslim-u-gender,fair,0.2918859521815702,False,0.6467927349477977,False
ml-100k,cfair_influencer_push_random,mf-value-gender,fair,0.0050398631762112,True,0.07862186554889472,False
ml-100k,cfair_influencer_push_random,mf-absolute-gender,fair,0.0454555967225566,True,0.28593036648059794,False
ml-100k,cfair_influencer_push_random,mf-under-gender,fair,0.5548221118604361,False,0.8485514651983139,False
ml-100k,cfair_influencer_push_random,mf-over-gender,fair,0.3614339194094063,False,0.7119152958064063,False
ml-100k,cfair_influencer_push_random,slim-i,base,0.2787301064622441,False,0.6467927349477977,False
ml-100k,cfair_influencer_push_least_favorite,ease-i,base,0.4380757519763916,False,0.7983623517326762,False
ml-100k,cfair_influencer_push_least_favorite,ease-u,base,0.1196276425016612,False,0.434891408091772,False
ml-100k,cfair_influencer_push_least_favorite,slim-u,base,0.2023566977587821,False,0.555768395252993,False
ml-100k,cfair_influencer_push_least_favorite,svd,base,0.3420680731666611,False,0.696326146845428,False
ml-100k,cfair_influencer_push_least_favorite,mf,base,0.5162959754601862,False,0.8466916173438601,False
ml-100k,cfair_influencer_push_least_favorite,nmf,base,0.5459130253853766,False,0.8485514651983139,False
ml-100k,cfair_influencer_push_least_favorite,neumf,base,0.2834981434500836,False,0.6467927349477977,False
ml-100k,cfair_influencer_push_least_favorite,bnslim-u-gender,fair,0.2623506857988588,False,0.6356505941918961,False
ml-100k,cfair_influencer_push_least_favorite,mf-value-gender,fair,0.0771130845583161,False,0.37591011620524045,False
ml-100k,cfair_influencer_push_least_favorite,mf-absolute-gender,fair,0.0144934479509414,True,0.15701235280186515,False
ml-100k,cfair_influencer_push_least_favorite,mf-under-gender,fair,0.3239972998908579,False,0.677061303773691,False
ml-100k,cfair_influencer_push_least_favorite,mf-over-gender,fair,0.2524309410778546,False,0.6310773526946364,False
ml-100k,cfair_influencer_push_least_favorite,slim-i,base,0.218236114024794,False,0.5829594826689704,False
ml-100k,cfair_influencer_nuke_favorite,ease-i,base,0.4931882890820614,False,0.8466916173438601,False
ml-100k,cfair_influencer_nuke_favorite,ease-u,base,0.5335509556211202,False,0.8476290252219134,False
ml-100k,cfair_influencer_nuke_favorite,slim-u,base,0.6627515329304527,False,0.9069231503258828,False
ml-100k,cfair_influencer_nuke_favorite,svd,base,0.7097382339863099,False,0.9331085017651422,False
ml-100k,cfair_influencer_nuke_favorite,mf,base,0.7392518693507193,False,0.9483823323907254,False
ml-100k,cfair_influencer_nuke_favorite,nmf,base,0.5786888949434411,False,0.8747622830540389,False
ml-100k,cfair_influencer_nuke_favorite,neumf,base,0.0682899381258348,False,0.35990643066318334,False
ml-100k,cfair_influencer_nuke_favorite,bnslim-u-gender,fair,0.5209416563551162,False,0.8466916173438601,False
ml-100k,cfair_influencer_nuke_favorite,mf-value-gender,fair,0.1848184899367903,False,0.5453027273770586,False
ml-100k,cfair_influencer_nuke_favorite,mf-absolute-gender,fair,0.081148135909673,False,0.37591011620524045,False
ml-100k,cfair_influencer_nuke_favorite,mf-under-gender,fair,0.8176866598628232,False,0.9716181625499068,False
ml-100k,cfair_influencer_nuke_favorite,mf-over-gender,fair,0.6427218941062739,False,0.8932413558664488,False
ml-100k,cfair_influencer_nuke_favorite,slim-i,base,0.1537737219980744,False,0.5018883625780788,False
ml-100k,cfair_favorite_push_random,ease-i,base,0.949541675440049,False,1.0,False
ml-100k,cfair_favorite_push_random,ease-u,base,0.720862209117664,False,0.9363344702323543,False
ml-100k,cfair_favorite_push_random,slim-i,base,0.8352483489812692,False,0.9736879369235208,False
ml-100k,cfair_favorite_push_random,slim-u,base,0.1568884263703882,False,0.5018883625780788,False
ml-100k,cfair_favorite_push_random,svd,base,0.4356322265108642,False,0.7976364710762303,False
ml-100k,cfair_favorite_push_random,mf,base,0.6046995594816642,False,0.8892081959354287,False
ml-100k,cfair_favorite_push_random,nmf,base,0.6064855900482667,False,0.8892081959354287,False
ml-100k,cfair_favorite_push_random,neumf,base,0.2624096042689622,False,0.6356505941918961,False
ml-100k,cfair_favorite_push_random,bnslim-u-gender,fair,0.2384845211396385,False,0.6283143929019565,False
ml-100k,cfair_favorite_push_random,mf-value-gender,fair,0.504999457061046,False,0.8466916173438601,False
ml-100k,cfair_favorite_push_random,mf-absolute-gender,fair,0.2721665032622051,False,0.6384274550664555,False
ml-100k,cfair_favorite_push_random,mf-under-gender,fair,0.7712956264071349,False,0.9634999127932092,False
ml-100k,cfair_favorite_push_random,mf-over-gender,fair,0.2732062777442288,False,0.6384274550664555,False
ml-100k,cfair_favorite_push_least_favorite,neumf,base,0.2015337325688996,False,0.555768395252993,False
ml-100k,cfair_favorite_push_least_favorite,ease-i,base,0.8932291867100435,False,1.0,False
ml-100k,cfair_favorite_push_least_favorite,ease-u,base,0.4086881982105413,False,0.7699922574981213,False
ml-100k,cfair_favorite_push_least_favorite,slim-i,base,0.9703694268496144,False,1.0,False
ml-100k,cfair_favorite_push_least_favorite,slim-u,base,0.2733779102464053,False,0.6384274550664555,False
ml-100k,cfair_favorite_push_least_favorite,svd,base,0.2902049670641679,False,0.6467927349477977,False
ml-100k,cfair_favorite_push_least_favorite,mf,base,0.6125331370870499,False,0.8905369384258305,False
ml-100k,cfair_favorite_push_least_favorite,nmf,base,0.8142350329227568,False,0.9716181625499068,False
ml-100k,cfair_favorite_push_least_favorite,bnslim-u-gender,fair,0.3434299196455074,False,0.696326146845428,False
ml-100k,cfair_favorite_push_least_favorite,mf-value-gender,fair,0.1115302420006692,False,0.426439160590794,False
ml-100k,cfair_favorite_push_least_favorite,mf-absolute-gender,fair,0.01651189811232,True,0.17201880313923373,False
ml-100k,cfair_favorite_push_least_favorite,mf-under-gender,fair,0.4157258760516092,False,0.7792490788961608,False
ml-100k,cfair_favorite_push_least_favorite,mf-over-gender,fair,0.5943628915539049,False,0.8780360897955414,False
ml-100k,cfair_reverse_favorite_nuke_favorite,neumf,base,0.1060020260496875,False,0.41890938690029367,False
ml-100k,cfair_reverse_favorite_nuke_favorite,ease-i,base,0.2458013685242305,False,0.6301808165568793,False
ml-100k,cfair_reverse_favorite_nuke_favorite,ease-u,base,0.8321521903006048,False,0.9736879369235208,False
ml-100k,cfair_reverse_favorite_nuke_favorite,slim-i,base,0.5075185999828543,False,0.8466916173438601,False
ml-100k,cfair_reverse_favorite_nuke_favorite,slim-u,base,0.0478857860696931,True,0.29643581852667156,False
ml-100k,cfair_reverse_favorite_nuke_favorite,svd,base,0.7898826490330381,False,0.9716181625499068,False
ml-100k,cfair_reverse_favorite_nuke_favorite,mf,base,0.7975630329110199,False,0.9716181625499068,False
ml-100k,cfair_reverse_favorite_nuke_favorite,nmf,base,0.8150626963484549,False,0.9716181625499068,False
ml-100k,cfair_reverse_favorite_nuke_favorite,bnslim-u-gender,fair,0.2352957922659953,False,0.6242541427465181,False
ml-100k,cfair_reverse_favorite_nuke_favorite,mf-value-gender,fair,0.1967983106045255,False,0.555768395252993,False
ml-100k,cfair_reverse_favorite_nuke_favorite,mf-absolute-gender,fair,0.0589775947217853,False,0.3333516223405256,False
ml-100k,cfair_reverse_favorite_nuke_favorite,mf-under-gender,fair,0.5574657050079002,False,0.8492641599729729,False
ml-100k,cfair_reverse_favorite_nuke_favorite,mf-over-gender,fair,0.4457499764599122,False,0.8085697247412361,False
ml-1m,cfair_influencer_push_random,neumf,base,0.6491550681498367,False,0.8945953235987149,False
ml-1m,cfair_influencer_push_random,ease-i,base,0.6376079632336827,False,0.8912981348840175,False
ml-1m,cfair_influencer_push_random,ease-u,base,0.0203663788557821,True,0.18471831985476786,False
ml-1m,cfair_influencer_push_random,slim-i,base,0.9664898389343868,False,1.0,False
ml-1m,cfair_influencer_push_random,slim-u,base,0.5866863678637345,False,0.8755227972162778,False
ml-1m,cfair_influencer_push_random,svd,base,0.5267948079568706,False,0.8476290252219134,False
ml-1m,cfair_influencer_push_random,mf,base,0.9427882540899998,False,1.0,False
ml-1m,cfair_influencer_push_random,nmf,base,0.8772756620876039,False,1.0,False
ml-1m,cfair_influencer_push_random,bnslim-u-gender,fair,0.4530166948599035,False,0.8179468101637146,False
ml-1m,cfair_influencer_push_random,mf-value-gender,fair,0.1008805543968672,False,0.40560222901833204,False
ml-1m,cfair_influencer_push_random,mf-absolute-gender,fair,0.2487054237694207,False,0.6301808165568793,False
ml-1m,cfair_influencer_push_random,mf-under-gender,fair,0.0984311530322007,False,0.40560222901833204,False
ml-1m,cfair_influencer_push_random,mf-over-gender,fair,0.1670042783116853,False,0.5229096533395913,False
ml-1m,cfair_influencer_push_least_favorite,mf,base,0.9158522125463536,False,1.0,False
ml-1m,cfair_influencer_push_least_favorite,neumf,base,0.4987950751216111,False,0.8466916173438601,False
ml-1m,cfair_influencer_push_least_favorite,mf-value-gender,fair,0.0106523691404221,True,0.12589163529589753,False
ml-1m,cfair_influencer_push_least_favorite,mf-absolute-gender,fair,0.017050039019623,True,0.17201880313923373,False
ml-1m,cfair_influencer_push_least_favorite,mf-under-gender,fair,0.0005690543628635,True,0.013054776559809706,True
ml-1m,cfair_influencer_push_least_favorite,mf-over-gender,fair,0.2448718438207002,False,0.6301808165568793,False
ml-1m,cfair_influencer_push_least_favorite,ease-i,base,0.63494087369371,False,0.8912981348840175,False
ml-1m,cfair_influencer_push_least_favorite,ease-u,base,0.0718692608898794,False,0.36149298183269,False
ml-1m,cfair_influencer_push_least_favorite,slim-i,base,0.9396753627599388,False,1.0,False
ml-1m,cfair_influencer_push_least_favorite,slim-u,base,0.8271211024783822,False,0.9716181625499068,False
ml-1m,cfair_influencer_push_least_favorite,svd,base,0.4588599141788928,False,0.8208961767420561,False
ml-1m,cfair_influencer_push_least_favorite,nmf,base,0.6913271482021153,False,0.9278964310137886,False
ml-1m,cfair_influencer_push_least_favorite,bnslim-u-gender,fair,0.6731074233739254,False,0.9114996358188573,False
ml-1m,cfair_influencer_nuke_favorite,mf,base,0.782604282132813,False,0.968938635021578,False
ml-1m,cfair_influencer_nuke_favorite,neumf,base,0.1808436962322761,False,0.5425310886968284,False
ml-1m,cfair_influencer_nuke_favorite,mf-value-gender,fair,0.0213069407004233,True,0.1871859505586737,False
ml-1m,cfair_influencer_nuke_favorite,mf-absolute-gender,fair,0.0045323444271551,True,0.07365059694127038,False
ml-1m,cfair_influencer_nuke_favorite,mf-under-gender,fair,5.444257846594136e-06,True,0.0003538767600286189,True
ml-1m,cfair_influencer_nuke_favorite,mf-over-gender,fair,0.169300303176481,False,0.5233296031088437,False
ml-1m,cfair_influencer_nuke_favorite,ease-i,base,0.7490631191809427,False,0.9566652804189018,False
ml-1m,cfair_influencer_nuke_favorite,ease-u,base,0.2119121295847386,False,0.5739286842920004,False
ml-1m,cfair_influencer_nuke_favorite,slim-i,base,0.9678028761444508,False,1.0,False
ml-1m,cfair_influencer_nuke_favorite,slim-u,base,0.9836365960903152,False,1.0,False
ml-1m,cfair_influencer_nuke_favorite,svd,base,0.8203480954207795,False,0.9716181625499068,False
ml-1m,cfair_influencer_nuke_favorite,nmf,base,0.9948748684468408,False,1.0,False
ml-1m,cfair_influencer_nuke_favorite,bnslim-u-gender,fair,0.96998901081898,False,1.0,False
ml-1m,cfair_favorite_push_random,ease-i,base,0.0448448690968987,True,0.28593036648059794,False
ml-1m,cfair_favorite_push_random,ease-u,base,0.6540422717743275,False,0.8981566408168582,False
ml-1m,cfair_favorite_push_random,slim-i,base,0.6947327124513494,False,0.9278964310137886,False
ml-1m,cfair_favorite_push_random,slim-u,base,0.6859178742452641,False,0.9256331174936089,False
ml-1m,cfair_favorite_push_random,svd,base,0.9666328615800664,False,1.0,False
ml-1m,cfair_favorite_push_random,mf,base,0.9837491038195076,False,1.0,False
ml-1m,cfair_favorite_push_random,nmf,base,0.8512066490338872,False,0.9821615181160237,False
ml-1m,cfair_favorite_push_random,neumf,base,0.9571429970027312,False,1.0,False
ml-1m,cfair_favorite_push_random,bnslim-u-gender,fair,0.7129285333455316,False,0.9331085017651422,False
ml-1m,cfair_favorite_push_random,mf-value-gender,fair,0.0225828088365783,True,0.1892960224774187,False
ml-1m,cfair_favorite_push_random,mf-absolute-gender,fair,0.7649280452178628,False,0.9634999127932092,False
ml-1m,cfair_favorite_push_random,mf-under-gender,fair,0.7888245168059251,False,0.9716181625499068,False
ml-1m,cfair_favorite_push_random,mf-over-gender,fair,0.1859622121567918,False,0.5453027273770586,False
ml-1m,cfair_favorite_push_least_favorite,neumf,base,0.3956945847363586,False,0.7571369413132917,False
ml-1m,cfair_favorite_push_least_favorite,ease-i,base,0.0304830908250502,True,0.21678845274301173,False
ml-1m,cfair_favorite_push_least_favorite,ease-u,base,0.5546471941652411,False,0.8485514651983139,False
ml-1m,cfair_favorite_push_least_favorite,slim-i,base,0.8085502468924557,False,0.9716181625499068,False
ml-1m,cfair_favorite_push_least_favorite,slim-u,base,0.546697970193544,False,0.8485514651983139,False
ml-1m,cfair_favorite_push_least_favorite,svd,base,0.9133505284339218,False,1.0,False
ml-1m,cfair_favorite_push_least_favorite,mf,base,0.996464082682059,False,1.0,False
ml-1m,cfair_favorite_push_least_favorite,nmf,base,0.9375545463315296,False,1.0,False
ml-1m,cfair_favorite_push_least_favorite,bnslim-u-gender,fair,0.7250590000260795,False,0.9363344702323543,False
ml-1m,cfair_favorite_push_least_favorite,mf-value-gender,fair,0.0623487045134645,False,0.33791233895399697,False
ml-1m,cfair_favorite_push_least_favorite,mf-absolute-gender,fair,0.5925026709201886,False,0.8780360897955414,False
ml-1m,cfair_favorite_push_least_favorite,mf-under-gender,fair,0.9972234713152204,False,1.0,False
ml-1m,cfair_favorite_push_least_favorite,mf-over-gender,fair,0.6692018437122793,False,0.9093683590515295,False
ml-1m,cfair_reverse_favorite_nuke_favorite,neumf,base,0.63183381839367,False,0.8912981348840175,False
ml-1m,cfair_reverse_favorite_nuke_favorite,ease-i,base,0.3231526952493163,False,0.677061303773691,False
ml-1m,cfair_reverse_favorite_nuke_favorite,ease-u,base,0.4570310076075504,False,0.8208961767420561,False
ml-1m,cfair_reverse_favorite_nuke_favorite,slim-i,base,0.4195956578671635,False,0.7792490788961608,False
ml-1m,cfair_reverse_favorite_nuke_favorite,slim-u,base,0.8109265366925349,False,0.9716181625499068,False
ml-1m,cfair_reverse_favorite_nuke_favorite,svd,base,0.1215465730307773,False,0.434891408091772,False
ml-1m,cfair_reverse_favorite_nuke_favorite,mf,base,0.9985731993908508,False,1.0,False
ml-1m,cfair_reverse_favorite_nuke_favorite,nmf,base,0.1992896079874541,False,0.555768395252993,False
ml-1m,cfair_reverse_favorite_nuke_favorite,bnslim-u-gender,fair,0.6453163108985867,False,0.8932413558664488,False
ml-1m,cfair_reverse_favorite_nuke_favorite,mf-value-gender,fair,0.3246422148863595,False,0.677061303773691,False
ml-1m,cfair_reverse_favorite_nuke_favorite,mf-absolute-gender,fair,0.880992479245986,False,1.0,False
ml-1m,cfair_reverse_favorite_nuke_favorite,mf-under-gender,fair,0.9996830827390586,False,1.0,False
ml-1m,cfair_reverse_favorite_nuke_favorite,mf-over-gender,fair,0.6100024235596635,False,0.8905369384258305,False
lastfm-1k,cfair_influencer_push_random,neumf,base,0.9691681266967012,False,1.0,False
lastfm-1k,cfair_influencer_push_random,mf,base,0.0076014858266363,True,0.10587783829957705,False
lastfm-1k,cfair_influencer_push_random,mf-value-gender,fair,0.0252067717541727,True,0.20480502050265317,False
lastfm-1k,cfair_influencer_push_random,mf-absolute-gender,fair,0.0736962530018896,False,0.3638169451992018,False
lastfm-1k,cfair_influencer_push_random,mf-under-gender,fair,0.0285494883541049,True,0.21678845274301173,False
lastfm-1k,cfair_influencer_push_random,mf-over-gender,fair,0.0990816781147562,False,0.40560222901833204,False
lastfm-1k,cfair_influencer_push_random,ease-i,base,0.022812597580612,True,0.1892960224774187,False
lastfm-1k,cfair_influencer_push_random,ease-u,base,0.0180666995510545,True,0.17201880313923373,False
lastfm-1k,cfair_influencer_push_random,slim-i,base,0.4631054879520996,False,0.8209597286423583,False
lastfm-1k,cfair_influencer_push_random,slim-u,base,0.094252669285592,False,0.4039400112239658,False
lastfm-1k,cfair_influencer_push_random,svd,base,0.5202110487515083,False,0.8466916173438601,False
lastfm-1k,cfair_influencer_push_random,nmf,base,0.2814514295892415,False,0.6467927349477977,False
lastfm-1k,cfair_influencer_push_random,bnslim-u-gender,fair,0.1207443120167728,False,0.434891408091772,False
lastfm-1k,cfair_influencer_push_least_favorite,neumf,base,0.9988947638226796,False,1.0,False
lastfm-1k,cfair_influencer_push_least_favorite,mf,base,0.0014172337963851,True,0.02902555662970665,True
lastfm-1k,cfair_influencer_push_least_favorite,mf-value-gender,fair,0.0180840280223297,True,0.17201880313923373,False
lastfm-1k,cfair_influencer_push_least_favorite,mf-absolute-gender,fair,0.0139924051889743,True,0.15591537210571363,False
lastfm-1k,cfair_influencer_push_least_favorite,mf-under-gender,fair,0.0134957507324447,True,0.15480419957804215,False
lastfm-1k,cfair_influencer_push_least_favorite,mf-over-gender,fair,0.2023094301847116,False,0.555768395252993,False
lastfm-1k,cfair_influencer_push_least_favorite,ease-i,base,0.0502851193497969,False,0.3017107160987814,False
lastfm-1k,cfair_influencer_push_least_favorite,ease-u,base,0.017278985218378,True,0.17201880313923373,False
lastfm-1k,cfair_influencer_push_least_favorite,slim-i,base,0.4884767689760748,False,0.8466916173438601,False
lastfm-1k,cfair_influencer_push_least_favorite,slim-u,base,0.1335257798596932,False,0.45595340680648844,False
lastfm-1k,cfair_influencer_push_least_favorite,svd,base,0.6165747665348196,False,0.8906079961058505,False
lastfm-1k,cfair_influencer_push_least_favorite,nmf,base,0.8699825252300489,False,1.0,False
lastfm-1k,cfair_influencer_push_least_favorite,bnslim-u-gender,fair,0.1717594594818769,False,0.5233296031088437,False
lastfm-1k,cfair_influencer_nuke_favorite,neumf,base,0.9478391422828206,False,1.0,False
lastfm-1k,cfair_influencer_nuke_favorite,mf,base,0.187799814514045,False,0.5465815497050563,False
lastfm-1k,cfair_influencer_nuke_favorite,mf-value-gender,fair,0.2400483193394654,False,0.6283143929019565,False
lastfm-1k,cfair_influencer_nuke_favorite,mf-absolute-gender,fair,0.082325646083225,False,0.37591011620524045,False
lastfm-1k,cfair_influencer_nuke_favorite,mf-under-gender,fair,0.1908976779768555,False,0.551482180822027,False
lastfm-1k,cfair_influencer_nuke_favorite,mf-over-gender,fair,0.6277014882355326,False,0.8912981348840175,False
lastfm-1k,cfair_influencer_nuke_favorite,ease-i,base,0.0295433263649331,True,0.21678845274301173,False
lastfm-1k,cfair_influencer_nuke_favorite,ease-u,base,0.072298596366538,False,0.36149298183269,False
lastfm-1k,cfair_influencer_nuke_favorite,slim-i,base,0.8363729714599474,False,0.9736879369235208,False
lastfm-1k,cfair_influencer_nuke_favorite,slim-u,base,0.1709260222014218,False,0.5233296031088437,False
lastfm-1k,cfair_influencer_nuke_favorite,svd,base,0.5846151279195192,False,0.8755227972162778,False
lastfm-1k,cfair_influencer_nuke_favorite,nmf,base,0.1332027076508913,False,0.45595340680648844,False
lastfm-1k,cfair_influencer_nuke_favorite,bnslim-u-gender,fair,0.1675992478652536,False,0.5229096533395913,False
lastfm-1k,cfair_favorite_push_random,ease-i,base,0.4779843738515058,False,0.8397022783877803,False
lastfm-1k,cfair_favorite_push_random,ease-u,base,0.6225006246801633,False,0.8912981348840175,False
lastfm-1k,cfair_favorite_push_random,slim-i,base,0.7757409554283787,False,0.9634999127932092,False
lastfm-1k,cfair_favorite_push_random,slim-u,base,0.9430456187387016,False,1.0,False
lastfm-1k,cfair_favorite_push_random,svd,base,0.9323884363090524,False,1.0,False
lastfm-1k,cfair_favorite_push_random,nmf,base,0.9095511368517526,False,1.0,False
lastfm-1k,cfair_favorite_push_random,bnslim-u-gender,fair,0.9317134879495164,False,1.0,False
lastfm-1k,cfair_favorite_push_random,mf,base,0.0004256444710244,True,0.0110667562466344,True
lastfm-1k,cfair_favorite_push_random,neumf,base,0.3442855484385584,False,0.696326146845428,False
lastfm-1k,cfair_favorite_push_random,mf-value-gender,fair,0.0014884900835747,True,0.02902555662970665,True
lastfm-1k,cfair_favorite_push_random,mf-absolute-gender,fair,8.234181159973714e-05,True,0.0029193915021724984,True
lastfm-1k,cfair_favorite_push_random,mf-under-gender,fair,3.0324837683714857e-05,True,0.0014783358370810992,True
lastfm-1k,cfair_favorite_push_random,mf-over-gender,fair,0.0024180043841003,True,0.04100094390430943,True
lastfm-1k,cfair_favorite_push_least_favorite,neumf,base,0.7152482917832281,False,0.9331085017651422,False
lastfm-1k,cfair_favorite_push_least_favorite,ease-i,base,0.4888775901098461,False,0.8466916173438601,False
lastfm-1k,cfair_favorite_push_least_favorite,ease-u,base,0.5398659969642172,False,0.8485514651983139,False
lastfm-1k,cfair_favorite_push_least_favorite,slim-i,base,0.7661731458188805,False,0.9634999127932092,False
lastfm-1k,cfair_favorite_push_least_favorite,slim-u,base,0.846187203510863,False,0.9800762687077691,False
lastfm-1k,cfair_favorite_push_least_favorite,svd,base,0.9188775228770644,False,1.0,False
lastfm-1k,cfair_favorite_push_least_favorite,nmf,base,0.9957660114074264,False,1.0,False
lastfm-1k,cfair_favorite_push_least_favorite,bnslim-u-gender,fair,0.96076705308165,False,1.0,False
lastfm-1k,cfair_favorite_push_least_favorite,mf,base,0.0001452998768194,True,0.004598541262494,True
lastfm-1k,cfair_favorite_push_least_favorite,mf-value-gender,fair,6.880184839376502e-05,True,0.002683272087356836,True
lastfm-1k,cfair_favorite_push_least_favorite,mf-absolute-gender,fair,5.13016433760378e-05,True,0.002223071212961638,True
lastfm-1k,cfair_favorite_push_least_favorite,mf-under-gender,fair,1.7500271312837836e-06,True,0.00013650211624013513,True
lastfm-1k,cfair_favorite_push_least_favorite,mf-over-gender,fair,0.0004875292075771,True,0.011883524434691812,True
lastfm-1k,cfair_reverse_favorite_nuke_favorite,neumf,base,0.949313598313114,False,1.0,False
lastfm-1k,cfair_reverse_favorite_nuke_favorite,ease-i,base,0.2987126900520356,False,0.6508265313982898,False
lastfm-1k,cfair_reverse_favorite_nuke_favorite,ease-u,base,0.5032975885578428,False,0.8466916173438601,False
lastfm-1k,cfair_reverse_favorite_nuke_favorite,slim-i,base,0.5118385446499648,False,0.8466916173438601,False
lastfm-1k,cfair_reverse_favorite_nuke_favorite,slim-u,base,0.5021733149298753,False,0.8466916173438601,False
lastfm-1k,cfair_reverse_favorite_nuke_favorite,svd,base,0.922455268624832,False,1.0,False
lastfm-1k,cfair_reverse_favorite_nuke_favorite,nmf,base,0.5527358055922494,False,0.8485514651983139,False
lastfm-1k,cfair_reverse_favorite_nuke_favorite,bnslim-u-gender,fair,0.9334324014941576,False,1.0,False
lastfm-1k,cfair_reverse_favorite_nuke_favorite,mf,base,0.07826909470024,False,0.37591011620524045,False
lastfm-1k,cfair_reverse_favorite_nuke_favorite,mf-value-gender,fair,0.0808639838677107,False,0.37591011620524045,False
lastfm-1k,cfair_reverse_favorite_nuke_favorite,mf-absolute-gender,fair,0.0631105393627858,False,0.33791233895399697,False
lastfm-1k,cfair_reverse_favorite_nuke_favorite,mf-under-gender,fair,0.0871624672552695,False,0.3862882071540353,False
lastfm-1k,cfair_reverse_favorite_nuke_favorite,mf-over-gender,fair,0.5508412205466213,False,0.8485514651983139,False
ftky,cfair_influencer_push_random,ease-i,base,0.0413167588308455,True,0.27311077871236855,False
ftky,cfair_influencer_push_random,ease-u,base,0.9795292763279096,False,1.0,False
ftky,cfair_influencer_push_random,slim-i,base,0.8268001933538871,False,0.9716181625499068,False
ftky,cfair_influencer_push_random,slim-u,base,2.919328449873806e-15,True,5.692690477253922e-13,True
ftky,cfair_influencer_push_random,svd,base,0.2867443803704584,False,0.6467927349477977,False
ftky,cfair_influencer_push_random,mf,base,0.2159570125856628,False,0.5808498959200585,False
ftky,cfair_influencer_push_random,nmf,base,0.9451537842345982,False,1.0,False
ftky,cfair_influencer_push_random,bnslim-u-gender,fair,9.102552452481488e-12,True,8.874988641169451e-10,True
ftky,cfair_influencer_push_random,mf-value-gender,fair,0.0288793821833166,True,0.21678845274301173,False
ftky,cfair_influencer_push_random,mf-absolute-gender,fair,0.0008586733867777,True,0.018604590046850167,True
ftky,cfair_influencer_push_random,mf-under-gender,fair,0.0920286485969724,False,0.39879081058688043,False
ftky,cfair_influencer_push_random,mf-over-gender,fair,0.2895803598670766,False,0.6467927349477977,False
ftky,cfair_influencer_push_random,neumf,base,0.4069193772730853,False,0.7699922574981213,False
ftky,cfair_influencer_push_least_favorite,ease-i,base,0.1786169607532035,False,0.5400047650678246,False
ftky,cfair_influencer_push_least_favorite,ease-u,base,0.9698856437521592,False,1.0,False
ftky,cfair_influencer_push_least_favorite,slim-i,base,0.2522617708611478,False,0.6310773526946364,False
ftky,cfair_influencer_push_least_favorite,slim-u,base,1.2646400614956509e-15,True,4.932096239833038e-13,True
ftky,cfair_influencer_push_least_favorite,svd,base,0.7041472533234299,False,0.9331085017651422,False
ftky,cfair_influencer_push_least_favorite,mf,base,0.0376234014233837,True,0.2574232728968358,False
ftky,cfair_influencer_push_least_favorite,nmf,base,0.9451537842345982,False,1.0,False
ftky,cfair_influencer_push_least_favorite,bnslim-u-gender,fair,6.446978622151405e-13,True,8.381072208796826e-11,True
ftky,cfair_influencer_push_least_favorite,mf-value-gender,fair,0.0018433819356026,True,0.03423423594690543,True
ftky,cfair_influencer_push_least_favorite,mf-absolute-gender,fair,9.225276007313286e-06,True,0.0005139796632645973,True
ftky,cfair_influencer_push_least_favorite,mf-under-gender,fair,0.0307824742017102,True,0.21678845274301173,False
ftky,cfair_influencer_push_least_favorite,mf-over-gender,fair,0.0632502583170302,False,0.33791233895399697,False
ftky,cfair_influencer_push_least_favorite,neumf,base,0.4673685971121304,False,0.8247681125508184,False
ftky,cfair_influencer_nuke_favorite,ease-i,base,0.9944297063769962,False,1.0,False
ftky,cfair_influencer_nuke_favorite,ease-u,base,0.978373192643236,False,1.0,False
ftky,cfair_influencer_nuke_favorite,slim-i,base,0.5169506519233084,False,0.8466916173438601,False
ftky,cfair_influencer_nuke_favorite,slim-u,base,0.0001532847087498,True,0.004598541262494,True
ftky,cfair_influencer_nuke_favorite,svd,base,0.7067269505968139,False,0.9331085017651422,False
ftky,cfair_influencer_nuke_favorite,mf,base,0.2038848905684,False,0.5560497015501819,False
ftky,cfair_influencer_nuke_favorite,nmf,base,0.9451537842345982,False,1.0,False
ftky,cfair_influencer_nuke_favorite,bnslim-u-gender,fair,0.0004039457464959,True,0.0110667562466344,True
ftky,cfair_influencer_nuke_favorite,mf-value-gender,fair,0.0101111629100792,True,0.12322979796659024,False
ftky,cfair_influencer_nuke_favorite,mf-absolute-gender,fair,0.0311285983425863,True,0.21678845274301173,False
ftky,cfair_influencer_nuke_favorite,mf-under-gender,fair,0.6945151570336934,False,0.9278964310137886,False
ftky,cfair_influencer_nuke_favorite,mf-over-gender,fair,0.2488406301275882,False,0.6301808165568793,False
ftky,cfair_influencer_nuke_favorite,neumf,base,0.2679442533305811,False,0.6384274550664555,False
ftky,cfair_favorite_push_random,mf,base,0.0448813601916667,True,0.28593036648059794,False
ftky,cfair_favorite_push_random,neumf,base,0.1246811931257832,False,0.43806905692842746,False
ftky,cfair_favorite_push_random,mf-value-gender,fair,0.0992426256010475,False,0.40560222901833204,False
ftky,cfair_favorite_push_random,mf-absolute-gender,fair,0.0215983789106162,True,0.1871859505586737,False
ftky,cfair_favorite_push_random,mf-under-gender,fair,0.6458822111649707,False,0.8932413558664488,False
ftky,cfair_favorite_push_random,mf-over-gender,fair,0.0703053741202891,False,0.36149298183269,False
ftky,cfair_favorite_push_random,ease-i,base,0.636440211453195,False,0.8912981348840175,False
ftky,cfair_favorite_push_random,ease-u,base,0.0081718660172004,True,0.1098975085071778,False
ftky,cfair_favorite_push_random,slim-i,base,0.1570009749603221,False,0.5018883625780788,False
ftky,cfair_favorite_push_random,slim-u,base,0.5881717253093969,False,0.8755227972162778,False
ftky,cfair_favorite_push_random,svd,base,0.0828929999837197,False,0.37591011620524045,False
ftky,cfair_favorite_push_random,nmf,base,0.9423084650635496,False,1.0,False
ftky,cfair_favorite_push_random,bnslim-u-gender,fair,0.485831188265572,False,0.8466916173438601,False
ftky,cfair_favorite_push_least_favorite,neumf,base,0.6142421447090984,False,0.8905369384258305,False
ftky,cfair_favorite_push_least_favorite,mf,base,0.0605607237591446,False,0.3374097466580913,False
ftky,cfair_favorite_push_least_favorite,mf-value-gender,fair,0.1167358215055959,False,0.4335901941636419,False
ftky,cfair_favorite_push_least_favorite,mf-absolute-gender,fair,0.0071344166978847,True,0.10305268563611233,False
ftky,cfair_favorite_push_least_favorite,mf-under-gender,fair,0.2685430618344138,False,0.6384274550664555,False
ftky,cfair_favorite_push_least_favorite,mf-over-gender,fair,0.0582490159297855,False,0.3333516223405256,False
ftky,cfair_favorite_push_least_favorite,ease-i,base,0.3957825400259177,False,0.7571369413132917,False
ftky,cfair_favorite_push_least_favorite,ease-u,base,0.0567861939975434,False,0.3305465023737601,False
ftky,cfair_favorite_push_least_favorite,slim-i,base,0.2457739525963662,False,0.6301808165568793,False
ftky,cfair_favorite_push_least_favorite,slim-u,base,0.8884619722161444,False,1.0,False
ftky,cfair_favorite_push_least_favorite,svd,base,0.3049241168864467,False,0.6541992064541678,False
ftky,cfair_favorite_push_least_favorite,nmf,base,0.9423084650635496,False,1.0,False
ftky,cfair_favorite_push_least_favorite,bnslim-u-gender,fair,0.6343773306562699,False,0.8912981348840175,False
ftky,cfair_reverse_favorite_nuke_favorite,neumf,base,0.3032495446519064,False,0.6541992064541678,False
ftky,cfair_reverse_favorite_nuke_favorite,mf,base,0.3120852845462351,False,0.6650997867378781,False
ftky,cfair_reverse_favorite_nuke_favorite,mf-value-gender,fair,0.1334973208264033,False,0.45595340680648844,False
ftky,cfair_reverse_favorite_nuke_favorite,mf-absolute-gender,fair,0.0098459782222376,True,0.12322979796659024,False
ftky,cfair_reverse_favorite_nuke_favorite,mf-under-gender,fair,0.3489133891235544,False,0.6980576398519961,False
ftky,cfair_reverse_favorite_nuke_favorite,mf-over-gender,fair,0.1368113710299887,False,0.4599692646697896,False
ftky,cfair_reverse_favorite_nuke_favorite,ease-i,base,0.874574118645383,False,1.0,False
ftky,cfair_reverse_favorite_nuke_favorite,ease-u,base,0.8251899123968314,False,0.9716181625499068,False
ftky,cfair_reverse_favorite_nuke_favorite,slim-i,base,0.625978088848159,False,0.8912981348840175,False
ftky,cfair_reverse_favorite_nuke_favorite,slim-u,base,0.9975318424443308,False,1.0,False
ftky,cfair_reverse_favorite_nuke_favorite,svd,base,0.1670219020394207,False,0.5229096533395913,False
ftky,cfair_reverse_favorite_nuke_favorite,nmf,base,1.0,False,1.0,False
ftky,cfair_reverse_favorite_nuke_favorite,bnslim-u-gender,fair,0.9588455979723968,False,1.0,False
fnyc,cfair_influencer_push_random,ease-i,base,0.0271908262418639,True,0.21641678029238617,False
fnyc,cfair_influencer_push_random,ease-u,base,0.1074126633077676,False,0.41890938690029367,False
fnyc,cfair_influencer_push_random,slim-i,base,0.7686430016179118,False,0.9634999127932092,False
fnyc,cfair_influencer_push_random,slim-u,base,0.0393580004197197,True,0.2646486235119083,False
fnyc,cfair_influencer_push_random,svd,base,0.9080452445692306,False,1.0,False
fnyc,cfair_influencer_push_random,mf,base,0.5338191256796395,False,0.8476290252219134,False
fnyc,cfair_influencer_push_random,nmf,base,0.0705675100260057,False,0.36149298183269,False
fnyc,cfair_influencer_push_random,bnslim-u-gender,fair,0.2662516384081602,False,0.6384274550664555,False
fnyc,cfair_influencer_push_random,mf-value-gender,fair,0.1947401860756054,False,0.555768395252993,False
fnyc,cfair_influencer_push_random,mf-absolute-gender,fair,0.0088564445817465,True,0.1151337795627045,False
fnyc,cfair_influencer_push_random,mf-under-gender,fair,0.2003125128545884,False,0.555768395252993,False
fnyc,cfair_influencer_push_random,mf-over-gender,fair,0.3508187113102339,False,0.6980576398519961,False
fnyc,cfair_influencer_push_random,neumf,base,0.7227820052949853,False,0.9363344702323543,False
fnyc,cfair_influencer_push_least_favorite,ease-i,base,0.0067780047049119,True,0.10167007057367851,False
fnyc,cfair_influencer_push_least_favorite,ease-u,base,0.0552073896060904,False,0.3262254840359887,False
fnyc,cfair_influencer_push_least_favorite,slim-i,base,0.2966835415579352,False,0.6508265313982898,False
fnyc,cfair_influencer_push_least_favorite,slim-u,base,0.1144800239126875,False,0.43027184290723575,False
fnyc,cfair_influencer_push_least_favorite,svd,base,0.8124504862266695,False,0.9716181625499068,False
fnyc,cfair_influencer_push_least_favorite,mf,base,0.3408602976396303,False,0.696326146845428,False
fnyc,cfair_influencer_push_least_favorite,nmf,base,0.0190272468471538,True,0.17668157786642813,False
fnyc,cfair_influencer_push_least_favorite,bnslim-u-gender,fair,0.3498985070087274,False,0.6980576398519961,False
fnyc,cfair_influencer_push_least_favorite,mf-value-gender,fair,0.1189523110778956,False,0.434891408091772,False
fnyc,cfair_influencer_push_least_favorite,mf-absolute-gender,fair,0.0020953261269734,True,0.03714441770543754,True
fnyc,cfair_influencer_push_least_favorite,mf-under-gender,fair,0.1147391581085962,False,0.43027184290723575,False
fnyc,cfair_influencer_push_least_favorite,mf-over-gender,fair,0.1091318562227526,False,0.4214002368997377,False
fnyc,cfair_influencer_push_least_favorite,neumf,base,0.5210409952885293,False,0.8466916173438601,False
fnyc,cfair_influencer_nuke_favorite,ease-i,base,0.3960408616100295,False,0.7571369413132917,False
fnyc,cfair_influencer_nuke_favorite,ease-u,base,0.0825892952457371,False,0.37591011620524045,False
fnyc,cfair_influencer_nuke_favorite,slim-i,base,0.3997368745581485,False,0.7604750296472094,False
fnyc,cfair_influencer_nuke_favorite,slim-u,base,0.2912573003086228,False,0.6467927349477977,False
fnyc,cfair_influencer_nuke_favorite,svd,base,0.8118320889355843,False,0.9716181625499068,False
fnyc,cfair_influencer_nuke_favorite,mf,base,0.5724940999852419,False,0.8687653657363593,False
fnyc,cfair_influencer_nuke_favorite,nmf,base,0.0289561756954155,True,0.21678845274301173,False
fnyc,cfair_influencer_nuke_favorite,bnslim-u-gender,fair,0.1344477994429389,False,0.45595340680648844,False
fnyc,cfair_influencer_nuke_favorite,mf-value-gender,fair,0.8104441785381622,False,0.9716181625499068,False
fnyc,cfair_influencer_nuke_favorite,mf-absolute-gender,fair,0.123836407227878,False,0.43806905692842746,False
fnyc,cfair_influencer_nuke_favorite,mf-under-gender,fair,0.7952061605868066,False,0.9716181625499068,False
fnyc,cfair_influencer_nuke_favorite,mf-over-gender,fair,0.305292963011945,False,0.6541992064541678,False
fnyc,cfair_influencer_nuke_favorite,neumf,base,0.5089579410481092,False,0.8466916173438601,False
fnyc,cfair_favorite_push_random,mf,base,0.2565803771459199,False,0.6333313106766377,False
fnyc,cfair_favorite_push_random,neumf,base,0.344592170105558,False,0.696326146845428,False
fnyc,cfair_favorite_push_random,mf-value-gender,fair,0.4623628516495986,False,0.8209597286423583,False
fnyc,cfair_favorite_push_random,mf-absolute-gender,fair,0.0499881724904357,True,0.3017107160987814,False
fnyc,cfair_favorite_push_random,mf-under-gender,fair,0.3578373422416039,False,0.7084089516458149,False
fnyc,cfair_favorite_push_random,mf-over-gender,fair,0.0839607048461431,False,0.37637557344822764,False
fnyc,cfair_favorite_push_random,ease-i,base,0.1497773989780483,False,0.495026996622363,False
fnyc,cfair_favorite_push_random,ease-u,base,0.1551001695495397,False,0.5018883625780788,False
fnyc,cfair_favorite_push_random,slim-i,base,0.1848728028249293,False,0.5453027273770586,False
fnyc,cfair_favorite_push_random,slim-u,base,0.5069130775617162,False,0.8466916173438601,False
fnyc,cfair_favorite_push_random,svd,base,0.8175886417043676,False,0.9716181625499068,False
fnyc,cfair_favorite_push_random,nmf,base,0.3378358148641855,False,0.696326146845428,False
fnyc,cfair_favorite_push_random,bnslim-u-gender,fair,0.7584657998890507,False,0.9634999127932092,False
fnyc,cfair_favorite_push_least_favorite,neumf,base,0.291306207018841,False,0.6467927349477977,False
fnyc,cfair_favorite_push_least_favorite,mf,base,0.5346583082168992,False,0.8476290252219134,False
fnyc,cfair_favorite_push_least_favorite,mf-value-gender,fair,0.637620973417028,False,0.8912981348840175,False
fnyc,cfair_favorite_push_least_favorite,mf-absolute-gender,fair,0.0885021301532211,False,0.38781832314332837,False
fnyc,cfair_favorite_push_least_favorite,mf-under-gender,fair,0.534138902793808,False,0.8476290252219134,False
fnyc,cfair_favorite_push_least_favorite,mf-over-gender,fair,0.4180442438878662,False,0.7792490788961608,False
fnyc,cfair_favorite_push_least_favorite,ease-i,base,0.7506142969440613,False,0.9566652804189018,False
fnyc,cfair_favorite_push_least_favorite,ease-u,base,0.3663943383681074,False,0.7180592560983009,False
fnyc,cfair_favorite_push_least_favorite,slim-i,base,0.715383184686609,False,0.9331085017651422,False
fnyc,cfair_favorite_push_least_favorite,slim-u,base,0.7738531659317787,False,0.9634999127932092,False
fnyc,cfair_favorite_push_least_favorite,svd,base,0.2986004370507773,False,0.6508265313982898,False
fnyc,cfair_favorite_push_least_favorite,nmf,base,0.3246125671738836,False,0.677061303773691,False
fnyc,cfair_favorite_push_least_favorite,bnslim-u-gender,fair,0.6684945353554778,False,0.9093683590515295,False
fnyc,cfair_reverse_favorite_nuke_favorite,neumf,base,0.5371206924322562,False,0.8480853038404046,False
fnyc,cfair_reverse_favorite_nuke_favorite,mf,base,0.8468864168064569,False,0.9800762687077691,False
fnyc,cfair_reverse_favorite_nuke_favorite,mf-value-gender,fair,0.5537715761645353,False,0.8485514651983139,False
fnyc,cfair_reverse_favorite_nuke_favorite,mf-absolute-gender,fair,0.1006702417236928,False,0.40560222901833204,False
fnyc,cfair_reverse_favorite_nuke_favorite,mf-under-gender,fair,0.58493132048362,False,0.8755227972162778,False
fnyc,cfair_reverse_favorite_nuke_favorite,mf-over-gender,fair,0.5247878432851643,False,0.8476290252219134,False
fnyc,cfair_reverse_favorite_nuke_favorite,ease-i,base,0.712606669545458,False,0.9331085017651422,False
fnyc,cfair_reverse_favorite_nuke_favorite,ease-u,base,0.2620123535161556,False,0.6356505941918961,False
fnyc,cfair_reverse_favorite_nuke_favorite,slim-i,base,0.4349518796195832,False,0.7976364710762303,False
fnyc,cfair_reverse_favorite_nuke_favorite,slim-u,base,0.7745425452480388,False,0.9634999127932092,False
fnyc,cfair_reverse_favorite_nuke_favorite,svd,base,0.7366217732120509,False,0.9481270348273922,False
fnyc,cfair_reverse_favorite_nuke_favorite,nmf,base,0.1071897299312954,False,0.41890938690029367,False
fnyc,cfair_reverse_favorite_nuke_favorite,bnslim-u-gender,fair,1.0,False,1.0,False
