run_key,dataset,model,attack_id,attribute,target_items,selected_items,filler_items,budget,fake_users,unprivileged_group,privileged_group,precision,recall,ndcg,precision_m,recall_m,ndcg_m,precision_f,recall_f,ndcg_f,precision_y,recall_y,ndcg_y,precision_o,recall_o,ndcg_o,precision_gender_ratio,recall_gender_ratio,ndcg_gender_ratio,precision_age_ratio,recall_age_ratio,ndcg_age_ratio,mannwhitney_u,p_value
rk_01a1ef4f2caa91fca356,ml-100k,ease-i,cfair_favorite_push_random,gender,10,102,,0.1,27,f,m,0.1359823399558498,0.2100231262482918,0.1906468917992409,0.1391705069124424,0.2074007022163704,0.1926131376464201,0.1278431372549019,0.2167180205415499,0.1856271818129126,,,,,,,0.9186079729905208,1.0449242371197918,0.9637306368668808,,,,,
rk_06195d33ad98ebfe4494,ml-100k,ease-i,cfair_favorite_push_random,gender,10,102,,0.25,68,f,m,0.1354304635761589,0.20803023932163,0.1903404050373529,0.1382488479262673,0.2058560700265769,0.1924579183360088,0.128235294117647,0.2135807656395891,0.1849345181454898,,,,,,,0.9275686274509805,1.0375247405238763,0.9609088560472528,,,,,
rk_cef651ec1c8e12bd2cff,ml-100k,ease-i,cfair_favorite_push_random,gender,10,102,,0.5,136,f,m,0.1355408388520971,0.2096030870037492,0.1907606863315979,0.1385560675883256,0.2068161314705093,0.1928039095568586,0.1278431372549019,0.2167180205415499,0.1855444576271088,,,,,,,0.9226816225381504,1.0478777404868564,0.96234800452732,,,,,
rk_90f2f7570274ffcd63e3,ml-100k,ease-i,cfair_favorite_push_random,gender,10,102,,0.75,205,f,m,0.1357615894039735,0.2098115736360769,0.1909319791701205,0.1385560675883256,0.206799063711506,0.1928550402874146,0.1286274509803921,0.2175023342670402,0.1860225172589107,,,,,,,0.9283422459893048,1.0517568617741213,0.9645717165684587,,,,,
rk_ea8c1d6a54e8f75a40b0,ml-100k,ease-i,cfair_favorite_push_random,gender,10,102,,1.0,273,f,m,0.1354304635761589,0.209492711727811,0.1904194197657898,0.1382488479262673,0.206508911808451,0.1921921606741906,0.128235294117647,0.217110177404295,0.1858937165055193,,,,,,,0.9275686274509805,1.0513356324577283,0.967228402310599,,,,,
rk_4d82cf410358c9995cf1,ml-100k,ease-i,cfair_favorite_push_random,gender,10,102,,2.0,546,f,m,0.1348785871964679,0.2096644066014927,0.1901955774948575,0.1373271889400922,0.2049813473776607,0.1914062445783742,0.1286274509803921,0.2216199813258637,0.1871048156463504,,,,,,,0.93664955915252,1.081171453700847,0.9775272278002272,,,,,
rk_022b4805c48e2c377fc1,ml-100k,ease-i,cfair_favorite_push_random,gender,10,102,,3.0,819,f,m,0.1356512141280353,0.2102237289323382,0.1905097134919857,0.1379416282642089,0.2052989296076853,0.1914737366477251,0.1298039215686274,0.222796451914099,0.1880486190826274,,,,,,,0.9410061574741256,1.085229486290311,0.9821118153065592,,,,,
rk_ba02dd46a879f2d910db,ml-100k,ease-u,cfair_favorite_push_random,gender,10,102,,0.1,67,m,f,0.1303532008830022,0.207852412488174,0.1876362962838343,0.1325652841781874,0.1994532221490746,0.1874316241797477,0.1247058823529412,0.2292950513538748,0.1881588121260317,,,,,,,1.0630235052024462,0.8698540198377644,0.9961352437440084,,,,,
rk_7dcc8326ba433266a3c7,ml-100k,ease-u,cfair_favorite_push_random,gender,10,102,,0.25,168,m,f,0.1304635761589404,0.2074858088930936,0.1871825844974852,0.1333333333333333,0.199602565040353,0.1876101403081677,0.1231372549019608,0.2276112667289138,0.1860910596631546,,,,,,,1.0828025477707006,0.8769450120326459,1.0081631038469168,,,,,
rk_9452a4ff2926ed748c0c,ml-100k,ease-u,cfair_favorite_push_random,gender,10,102,,0.5,335,m,f,0.1301324503311258,0.2044802726094117,0.1854097825402055,0.1330261136712749,0.1977385219320703,0.1854161088165783,0.1227450980392156,0.2216915655150949,0.1853936319287597,,,,,,,1.0837590730407387,0.8919532931829397,1.000121238726405,,,,,
rk_84519aa8ff330926190f,ml-100k,ease-u,cfair_favorite_push_random,gender,10,102,,0.75,502,m,f,0.1304635761589404,0.2062532849784505,0.1857596605544129,0.1330261136712749,0.1989137590520079,0.1856901729965802,0.1239215686274509,0.2249906629318394,0.1859370582020563,,,,,,,1.0734702210814913,0.8840978397057683,0.9986722108660676,,,,,
rk_102ebae3dcb46ebfe744,ml-100k,ease-u,cfair_favorite_push_random,gender,10,102,,1.0,670,m,f,0.1313465783664459,0.2065292231682959,0.1870447745586982,0.1334869431643625,0.1981542437763636,0.1864446980640296,0.1258823529411764,0.2279100529100529,0.1885767345509698,,,,,,,1.0604102961654966,0.8694405588794595,0.988694064026419,,,,,
rk_6a794da8615e155aef3f,ml-100k,ease-u,cfair_favorite_push_random,gender,10,102,,2.0,1340,m,f,0.1341059602649006,0.2093113809173412,0.1894979250969105,0.1376344086021505,0.2022590398166435,0.1889758306651446,0.1250980392156863,0.2273155929038282,0.1908308014697718,,,,,,,1.100212357164526,0.8897719563928662,0.990279500005553,,,,,
rk_8b5276eae593d8899bfa,ml-100k,ease-u,cfair_favorite_push_random,gender,10,102,,3.0,2010,m,f,0.1328918322295806,0.2074844949017134,0.1897344363355516,0.1362519201228878,0.2001426377002413,0.1890684396269356,0.124313725490196,0.2262278244631186,0.1914346867563712,,,,,,,1.0960327959412115,0.884695055416891,0.9876394024012636,,,,,
rk_f75728f746590ac942e3,ml-100k,slim-i,cfair_favorite_push_random,gender,10,102,,0.1,27,f,m,0.1357615894039735,0.2111181190651389,0.190014699930064,0.1397849462365591,0.2073647380098993,0.192408234643767,0.1254901960784313,0.2207002801120448,0.1839041466021398,,,,,,,0.897737556561086,1.064309593955694,0.9558018498669144,,,,,
rk_0a80acb8180b3751ae94,ml-100k,slim-i,cfair_favorite_push_random,gender,10,102,,0.25,68,f,m,0.13719646799117,0.2120563089106135,0.1907633301914204,0.1411674347158218,0.2080157511033087,0.1928730919925675,0.1270588235294117,0.2223716153127918,0.1853772324167273,,,,,,,0.9000576073737439,1.0690133517935063,0.9611357940166736,,,,,
rk_7a66e2fdcc5bc5491cb8,ml-100k,slim-i,cfair_favorite_push_random,gender,10,102,,0.5,136,f,m,0.1362030905077262,0.2105697466624619,0.1894995488689845,0.1402457757296467,0.2064735571648014,0.1916539381654411,0.1258823529411764,0.2210270774976657,0.1839995197239131,,,,,,,0.8975839185619482,1.070486121964994,0.9600612514681514,,,,,
rk_3a0ef0e88d473eba479d,ml-100k,slim-i,cfair_favorite_push_random,gender,10,102,,0.75,205,f,m,0.1360927152317881,0.2104085637198219,0.1894514151352077,0.1402457757296467,0.2064028478775022,0.1915616296103446,0.1254901960784313,0.2206349206349206,0.1840641617104464,,,,,,,0.8947877069776432,1.0689528894769174,0.9608613274216306,,,,,
rk_37696e412f66ed4b335c,ml-100k,slim-i,cfair_favorite_push_random,gender,10,102,,1.0,273,f,m,0.1354304635761589,0.2099854584953922,0.1890264071574033,0.1394777265745007,0.2059676200229195,0.1910879969085847,0.1250980392156862,0.2202427637721755,0.1837632897926228,,,,,,,0.8969033428349312,1.069307708404202,0.9616684080922888,,,,,
rk_48b87ba89b41364a2c85,ml-100k,slim-i,cfair_favorite_push_random,gender,10,102,,2.0,546,f,m,0.1360927152317881,0.2104913451767756,0.1891397987779858,0.1403993855606758,0.2069020798283471,0.1912407771546053,0.1250980392156862,0.2196545284780579,0.1837761245694396,,,,,,,0.8910155747200411,1.0616351882991737,0.9609672544933712,,,,,
rk_55898b52c1dd4406889f,ml-100k,slim-i,cfair_favorite_push_random,gender,10,102,,3.0,819,f,m,0.1357615894039735,0.2100971477627106,0.1886953106234461,0.1399385560675883,0.2063534732889571,0.1908098440065471,0.1250980392156862,0.2196545284780579,0.1832970312807059,,,,,,,0.8939497643184605,1.0644576268918684,0.9606267026475668,,,,,
rk_b276f594647c12364ec6,ml-100k,slim-u,cfair_favorite_push_random,gender,10,102,,0.1,27,f,m,0.1328918322295806,0.2019543431795087,0.185977850276543,0.1367127496159754,0.1989308268110111,0.1883535634201673,0.1231372549019607,0.2096732026143791,0.1799127943687023,,,,,,,0.9007005948446793,1.0540005587649492,0.9551865709456434,,,,,
rk_4c2eb27a8e3ea4cf7646,ml-100k,slim-u,cfair_favorite_push_random,gender,10,102,,0.25,68,f,m,0.1330022075055187,0.2031824871228844,0.18569625671452,0.1368663594470046,0.2004266939750811,0.188606990291611,0.1231372549019607,0.2102178649237472,0.178265325111829,,,,,,,0.8996897075328449,1.048851631259674,0.9451681766206416,,,,,
rk_3c84ee79b2218ed41dff,ml-100k,slim-u,cfair_favorite_push_random,gender,10,102,,0.5,136,f,m,0.133112582781457,0.2028207014961981,0.1854963651427944,0.1367127496159754,0.2004864311315924,0.1885193511214496,0.1239215686274509,0.2087799564270152,0.1777788597619923,,,,,,,0.9064375413086582,1.041367015456419,0.9430271147467612,,,,,
rk_f893e37154f7084c0245,ml-100k,slim-u,cfair_favorite_push_random,gender,10,102,,0.75,205,f,m,0.1335540838852097,0.2047522688251165,0.1860956647076693,0.1370199692780337,0.2013824884792626,0.189078361747941,0.1247058823529411,0.213355119825708,0.1784810146166227,,,,,,,0.91012925349512,1.0594521968461934,0.9439526181983448,,,,,
rk_dca6c36be4c2c4ed89f5,ml-100k,slim-u,cfair_favorite_push_random,gender,10,102,,1.0,273,f,m,0.1335540838852097,0.2047522688251165,0.1858947401478667,0.1368663594470046,0.2012288786482335,0.1886738506486788,0.1250980392156862,0.2137472766884531,0.1787998345163818,,,,,,,0.9140159767610748,1.062209749039565,0.9476662181942584,,,,,
rk_675c1a5dc3ad0e4601a4,ml-100k,slim-u,cfair_favorite_push_random,gender,10,102,,2.0,546,f,m,0.1338852097130242,0.2054040085497039,0.1862354251627996,0.137173579109063,0.2018286884646331,0.1891359913618451,0.1254901960784313,0.2145315904139433,0.1788304502781776,,,,,,,0.9148277452078254,1.0629390303526456,0.9455125330220652,,,,,
rk_695b9320033f7856cbfd,ml-100k,slim-u,cfair_favorite_push_random,gender,10,102,,3.0,819,f,m,0.1334437086092715,0.2045210063421984,0.1859981601113388,0.1368663594470046,0.2015214688025747,0.1890216577780491,0.1247058823529411,0.2121786492374728,0.1782793484210312,,,,,,,0.911150722915429,1.052883598448454,0.9431688967111296,,,,,
rk_7ae449d9a7da63307d55,ml-100k,svd,cfair_favorite_push_random,gender,10,102,,0.1,27,f,m,0.1197571743929359,0.1847252882021094,0.1623735688409313,0.1274961597542242,0.1895539219271938,0.1702189726916483,0.1,0.1723980703392468,0.1423447143043951,,,,,,,0.7843373493975905,0.9094935551133758,0.8362447032402935,,,,,
rk_2fbed5adce5a66eb3496,ml-100k,svd,cfair_favorite_push_random,gender,10,102,,0.25,68,f,m,0.1162251655629139,0.1819159746312064,0.1596589062392417,0.123195084485407,0.1855436081242533,0.1665275244901645,0.0984313725490196,0.1726548397136632,0.1421237278810034,,,,,,,0.7989878245562566,0.930535098778726,0.8534548767005635,,,,,
rk_f79c66c29b875ee9e00f,ml-100k,svd,cfair_favorite_push_random,gender,10,102,,0.5,136,f,m,0.1139072847682119,0.1785122989593188,0.1563764826576208,0.1208909370199692,0.182319630361105,0.1625831500882171,0.096078431372549,0.1687924058512293,0.1405312258053923,,,,,,,0.7947529710740714,0.9258048928517276,0.8643652538971012,,,,,
rk_f93a0cf64c00b79c6d66,ml-100k,svd,cfair_favorite_push_random,gender,10,102,,0.75,205,f,m,0.1109271523178807,0.1710772977329268,0.1530847255859829,0.1170506912442396,0.1745751347133835,0.1584252926760383,0.0952941176470588,0.1621475256769374,0.1394505719560769,,,,,,,0.8141269106067623,0.9288122615122152,0.8802292209820147,,,,,
rk_52e3fc85929669e0da68,ml-100k,svd,cfair_favorite_push_random,gender,10,102,,1.0,273,f,m,0.1080573951434878,0.1664927818073513,0.1493863732127256,0.1130568356374807,0.1679217565162265,0.1538216928420441,0.0952941176470588,0.1628446934329287,0.13806326310023,,,,,,,0.8428868286445013,0.9697653050526112,0.8975539181070118,,,,,
rk_741ee7bfb84f485f70c1,ml-100k,svd,cfair_favorite_push_random,gender,10,102,,2.0,546,f,m,0.1022075055187638,0.1584879463190721,0.1440421588814867,0.1076804915514593,0.1614640479847853,0.1485003434382249,0.088235294117647,0.1508901338313102,0.1326606759542845,,,,,,,0.8194176386674498,0.9345122689202529,0.893335819182603,,,,,
rk_d192a2e405721028911b,ml-100k,svd,cfair_favorite_push_random,gender,10,102,,3.0,819,f,m,0.0987858719646799,0.1535263148673744,0.1405200112440833,0.1038402457757296,0.155211152561383,0.1439076997166597,0.0858823529411764,0.1492250233426704,0.1318714418493881,,,,,,,0.8270623042116254,0.9614323512200892,0.9163612656517348,,,,,
rk_841bf22536411011f129,ml-100k,mf,cfair_favorite_push_random,gender,10,102,,0.1,67,m,f,0.0806843267108167,0.1264401345527173,0.1133243972058419,0.0823348694316436,0.1223526686660327,0.1116443415163421,0.0764705882352941,0.1368751945222533,0.1176134805543294,,,,,,,1.0766867541061087,0.8938995052616378,0.9492478327326608,,,,,
rk_8f2ff9d83519cdf4db4f,ml-100k,mf,cfair_favorite_push_random,gender,10,102,,0.25,168,m,f,0.0741721854304635,0.1102478187743088,0.0949489219904268,0.0734254992319508,0.1035141296662033,0.0924886177747586,0.076078431372549,0.1274385309679427,0.1012299339292504,,,,,,,0.9651289847498692,0.8122671289442471,0.9136488999330858,,,,,
rk_9f803aab61d8140b7b41,ml-100k,mf,cfair_favorite_push_random,gender,10,102,,0.5,335,m,f,0.071523178807947,0.1087906023336486,0.0939817944238181,0.0741935483870967,0.1098840611513422,0.0957893522952184,0.0647058823529411,0.1059990662931839,0.0893672055050668,,,,,,,1.146627565982405,1.0366512177325486,1.0718624550679,,,,,
rk_b6b2c46b919536f94830,ml-100k,mf,cfair_favorite_push_random,gender,10,102,,0.75,502,m,f,0.0785871964679911,0.1172408808998213,0.1069163687812184,0.081874039938556,0.1173335283934362,0.1078457929263205,0.0701960784313725,0.1170043572984749,0.1045436036107811,,,,,,,1.1663620214710502,1.0028133233886458,1.0315867179003464,,,,,
rk_023612e7e36d79965b69,ml-100k,mf,cfair_favorite_push_random,gender,10,102,,1.0,670,m,f,0.0142384105960264,0.0237460142261466,0.0190313634310367,0.014132104454685,0.0236199497720235,0.0188352186111756,0.0145098039215686,0.024067849361967,0.0195321096182117,,,,,,,0.9739693610661352,0.9813901282492112,0.9643207507710078,,,,,
rk_e239336df66bea66ce90,ml-100k,mf,cfair_favorite_push_random,gender,10,102,,2.0,1340,m,f,0.003532008830022,0.0099583026735344,0.0061727607011167,0.0021505376344086,0.0051416623997269,0.0034617919762143,0.0070588235294117,0.0222549019607843,0.0130937043870441,,,,,,,0.3046594982078853,0.2310350505604165,0.2643859884021587,,,,,
rk_ec0692b16f52403cb154,ml-100k,mf,cfair_favorite_push_random,gender,10,102,,3.0,2010,m,f,0.0024282560706401,0.0034890851116016,0.0031429713554611,0.0026113671274961,0.0035500938726745,0.0028895392673996,0.0019607843137254,0.0033333333333333,0.0037899685685122,,,,,,,1.3317972350230418,1.0650281618023554,0.7624177391354657,,,,,
rk_88d1b059aca45032a714,ml-100k,nmf,cfair_favorite_push_random,gender,10,102,,0.1,27,f,m,0.1179911699779249,0.1797242370090052,0.1635272882667239,0.1247311827956989,0.1836423816838563,0.1696003712768829,0.1007843137254902,0.1697214441332088,0.1480230645819649,,,,,,,0.8080121703853955,0.9241953985621216,0.8727755928099253,,,,,
rk_21b33bbf2b31ac2ee308,ml-100k,nmf,cfair_favorite_push_random,gender,10,102,,0.25,68,f,m,0.1204194260485651,0.1829487718560566,0.1644832135931931,0.1247311827956989,0.1825597981127935,0.1686648901947763,0.1094117647058823,0.1839417989417989,0.1538076392103279,,,,,,,0.877180527383367,1.007570126847706,0.9119126039373632,,,,,
rk_892ddd886743c83db580,ml-100k,nmf,cfair_favorite_push_random,gender,10,102,,0.5,136,f,m,0.1199779249448123,0.1844191282105189,0.1638401347876222,0.1241167434715822,0.1865737692926632,0.1687527580290671,0.1094117647058823,0.1789184562713974,0.151298496630051,,,,,,,0.8815230052417007,0.958968974844167,0.8965690303206203,,,,,
rk_c73a156925432fa0fbc6,ml-100k,nmf,cfair_favorite_push_random,gender,10,102,,0.75,205,f,m,0.1184326710816777,0.1808091558919373,0.1593721635458234,0.1225806451612903,0.1815924219150025,0.1639545501998545,0.1078431372549019,0.1788095238095238,0.1476735999702378,,,,,,,0.8797729618163054,0.9846750317214156,0.9006983934891052,,,,,
rk_b789c4eb6cf3308a0560,ml-100k,nmf,cfair_favorite_push_random,gender,10,102,,1.0,273,f,m,0.1160044150110375,0.1774711797890605,0.1578628086083451,0.1211981566820276,0.1817472508716748,0.1640627014961889,0.1027450980392157,0.1665546218487395,0.1420348467652616,,,,,,,0.8477447252665324,0.916407929418078,0.8657351455873776,,,,,
rk_537665af6c1088f2687b,ml-100k,nmf,cfair_favorite_push_random,gender,10,102,,2.0,546,f,m,0.1184326710816777,0.1776126528609972,0.1584095172049247,0.1222734254992319,0.1793431351035037,0.1607193092609093,0.1086274509803921,0.1731948334889511,0.1525127539561167,,,,,,,0.8883978717114985,0.9657176640131538,0.9489385852730972,,,,,
rk_b8433208b2e0ed8c07d8,ml-100k,nmf,cfair_favorite_push_random,gender,10,102,,3.0,819,f,m,0.1171081677704194,0.1765216020182907,0.1582899296464442,0.1216589861751152,0.1768329554043839,0.1608203172132017,0.1054901960784313,0.1757267351384998,0.1518299990348396,,,,,,,0.8670974450386215,0.9937442641087212,0.944097124454471,,,,,
rk_c9838a63b411b44565e0,ml-100k,ease-i,cfair_favorite_push_random,age,10,102,,0.1,67,y,o,0.13719646799117,0.2125797154770664,0.1925457948597096,,,,,,,,,,,,,,,,,,,,
rk_bf33d20c6841b597e589,ml-100k,ease-i,cfair_favorite_push_random,age,10,102,,0.25,168,y,o,0.136644591611479,0.2117641648270787,0.1919529315553163,,,,,,,,,,,,,,,,,,,,
rk_8384487c9ce0c7a3a7ce,ml-100k,ease-i,cfair_favorite_push_random,age,10,102,,0.5,336,y,o,0.1360927152317881,0.2107970671712393,0.1914010261751776,,,,,,,,,,,,,,,,,,,,
rk_152c378c48bb039929bb,ml-100k,ease-i,cfair_favorite_push_random,age,10,102,,0.75,503,y,o,0.1364238410596026,0.2111295069904341,0.1917068146368707,,,,,,,,,,,,,,,,,,,,
rk_af2adac2906b4ef833c6,ml-100k,ease-i,cfair_favorite_push_random,age,10,102,,1.0,671,y,o,0.1368653421633554,0.2124369284137496,0.1921669824737181,,,,,,,,,,,,,,,,,,,,
rk_cce965ee3fd86a5d0493,ml-100k,ease-i,cfair_favorite_push_random,age,10,102,,2.0,1342,y,o,0.1369757174392936,0.2112578401485686,0.1919088715732166,,,,,,,,,,,,,,,,,,,,
rk_053b0d3ab5206db8e01c,ml-100k,ease-i,cfair_favorite_push_random,age,10,102,,3.0,2013,y,o,0.1370860927152318,0.2110756333438452,0.191372630379761,,,,,,,,,,,,,,,,,,,,
rk_02351f5df9330570c2bc,ml-100k,ease-u,cfair_favorite_push_random,age,10,102,,0.1,67,y,o,0.1289183222958057,0.2051109884719156,0.1858478187174573,,,,,,,,,,,,,,,,,,,,
rk_d5a0e5b0df21519f1968,ml-100k,ease-u,cfair_favorite_push_random,age,10,102,,0.25,168,y,o,0.1307947019867549,0.2084082308420057,0.1875131902528731,,,,,,,,,,,,,,,,,,,,
rk_0fa873d1056cada95b2c,ml-100k,ease-u,cfair_favorite_push_random,age,10,102,,0.5,336,y,o,0.1303532008830022,0.2073714916430148,0.1865341525072441,,,,,,,,,,,,,,,,,,,,
rk_0e67f12b6a070fe62ca5,ml-100k,ease-u,cfair_favorite_push_random,age,10,102,,0.75,503,y,o,0.1299116997792494,0.2063978240302743,0.1857628121580185,,,,,,,,,,,,,,,,,,,,
rk_e0e3d32d4dee0d53daac,ml-100k,ease-u,cfair_favorite_push_random,age,10,102,,1.0,671,y,o,0.1307947019867549,0.2064333017975402,0.1869654810227045,,,,,,,,,,,,,,,,,,,,
rk_b7d48b5efa443ef95af0,ml-100k,ease-u,cfair_favorite_push_random,age,10,102,,2.0,1342,y,o,0.1299116997792494,0.2045402782157749,0.1874645973562108,,,,,,,,,,,,,,,,,,,,
rk_4c68a61754eae4b75c37,ml-100k,ease-u,cfair_favorite_push_random,age,10,102,,3.0,2013,y,o,0.132560706401766,0.208464732471355,0.1900373864458795,,,,,,,,,,,,,,,,,,,,
rk_e24e8fd92a799b3c2280,ml-100k,slim-i,cfair_favorite_push_random,age,10,102,,0.1,67,y,o,0.1369757174392936,0.2126589929570062,0.1929393953901883,,,,,,,,,,,,,,,,,,,,
rk_727f3cca7b95bd11c999,ml-100k,slim-i,cfair_favorite_push_random,age,10,102,,0.25,168,y,o,0.1363134657836644,0.2130733382389011,0.1922715402705262,,,,,,,,,,,,,,,,,,,,
rk_11300b8fc5a0b876b270,ml-100k,slim-i,cfair_favorite_push_random,age,10,102,,0.5,336,y,o,0.1352097130242825,0.2118635901748484,0.191509284997498,,,,,,,,,,,,,,,,,,,,
rk_a106258825e7e80f6e09,ml-100k,slim-i,cfair_favorite_push_random,age,10,102,,0.75,503,y,o,0.1356512141280353,0.2119476856231823,0.1918167078622875,,,,,,,,,,,,,,,,,,,,
rk_97cc66e8944ed41db182,ml-100k,slim-i,cfair_favorite_push_random,age,10,102,,1.0,671,y,o,0.1350993377483444,0.2106218683205438,0.1911283970596382,,,,,,,,,,,,,,,,,,,,
rk_1377c0199b9b3d3f21d3,ml-100k,slim-i,cfair_favorite_push_random,age,10,102,,2.0,1342,y,o,0.1353200883002207,0.2097756578716843,0.1909416624622469,,,,,,,,,,,,,,,,,,,,
rk_7e96936ec2cff61c0f8c,ml-100k,slim-i,cfair_favorite_push_random,age,10,102,,3.0,2013,y,o,0.1345474613686534,0.2083775710431339,0.1903827745436702,,,,,,,,,,,,,,,,,,,,
rk_d0edac4a4c49ecfdcba2,ml-100k,slim-u,cfair_favorite_push_random,age,10,102,,0.1,67,y,o,0.134878587196468,0.204171046637934,0.1883854438392371,,,,,,,,,,,,,,,,,,,,
rk_45ecce6106a200cfd2e1,ml-100k,slim-u,cfair_favorite_push_random,age,10,102,,0.25,168,y,o,0.1342163355408388,0.2054083885209713,0.1886904097919362,,,,,,,,,,,,,,,,,,,,
rk_244da488ca66ee73accc,ml-100k,slim-u,cfair_favorite_push_random,age,10,102,,0.5,336,y,o,0.1334437086092715,0.2046602894285013,0.1882057187162142,,,,,,,,,,,,,,,,,,,,
rk_b898f1affe1b33b97d1d,ml-100k,slim-u,cfair_favorite_push_random,age,10,102,,0.75,503,y,o,0.1336644591611479,0.2049914152563159,0.1882015238751536,,,,,,,,,,,,,,,,,,,,
rk_f1003b81c358a91dd2b6,ml-100k,slim-u,cfair_favorite_push_random,age,10,102,,1.0,671,y,o,0.1335540838852097,0.2048547601527733,0.1881420637203928,,,,,,,,,,,,,,,,,,,,
rk_f918c6385e90bdbc3825,ml-100k,slim-u,cfair_favorite_push_random,age,10,102,,2.0,1342,y,o,0.1333333333333333,0.2045867059112092,0.1879131015460015,,,,,,,,,,,,,,,,,,,,
rk_93b39ef10ebdb0f99158,ml-100k,slim-u,cfair_favorite_push_random,age,10,102,,3.0,2013,y,o,0.1332229580573951,0.2044640667157223,0.1879315321599693,,,,,,,,,,,,,,,,,,,,
rk_a158cf9817a5411d4976,ml-100k,svd,cfair_favorite_push_random,age,10,102,,0.1,67,y,o,0.1173289183222958,0.1820552577175093,0.1615136823146013,,,,,,,,,,,,,,,,,,,,
rk_85dfb2f4120620c7b79a,ml-100k,svd,cfair_favorite_push_random,age,10,102,,0.25,168,y,o,0.1137969094922737,0.1767033708258873,0.1595147005328726,,,,,,,,,,,,,,,,,,,,
rk_ddbc665a6711b0838971,ml-100k,svd,cfair_favorite_push_random,age,10,102,,0.5,336,y,o,0.1088300220750551,0.1701899155541539,0.1548041773196906,,,,,,,,,,,,,,,,,,,,
rk_540359a731d07649fbb9,ml-100k,svd,cfair_favorite_push_random,age,10,102,,0.75,503,y,o,0.1076158940397351,0.1688382564210379,0.1527249189966652,,,,,,,,,,,,,,,,,,,,
rk_a709c01a7cedbf19b5dd,ml-100k,svd,cfair_favorite_push_random,age,10,102,,1.0,671,y,o,0.1055187637969094,0.1654661165422754,0.1515095245495524,,,,,,,,,,,,,,,,,,,,
rk_61420f0e8907a3b90889,ml-100k,svd,cfair_favorite_push_random,age,10,102,,2.0,1342,y,o,0.1012141280353201,0.1533808998212972,0.1460518885284135,,,,,,,,,,,,,,,,,,,,
rk_c13a61e91e5b5c09b93c,ml-100k,svd,cfair_favorite_push_random,age,10,102,,3.0,2013,y,o,0.099448123620309,0.1483544447948421,0.1430971430375774,,,,,,,,,,,,,,,,,,,,
rk_019bf29333f34ffd508f,ml-100k,mf,cfair_favorite_push_random,age,10,102,,0.1,67,y,o,0.0844370860927152,0.1318752408984197,0.1167519288737198,,,,,,,,,,,,,,,,,,,,
rk_ff62d3a64094272dda34,ml-100k,mf,cfair_favorite_push_random,age,10,102,,0.25,168,y,o,0.0805739514348785,0.1225275062195592,0.1129027804447031,,,,,,,,,,,,,,,,,,,,
rk_7c49679e2081fe44e482,ml-100k,mf,cfair_favorite_push_random,age,10,102,,0.5,336,y,o,0.0713024282560706,0.106124951820316,0.0933400534534807,,,,,,,,,,,,,,,,,,,,
rk_38c569303a659546a39a,ml-100k,mf,cfair_favorite_push_random,age,10,102,,0.75,503,y,o,0.0740618101545253,0.113197729422895,0.1071186493804056,,,,,,,,,,,,,,,,,,,,
rk_51820e58cd939ecd1615,ml-100k,mf,cfair_favorite_push_random,age,10,102,,1.0,671,y,o,0.0055187637969094,0.0099543606993938,0.0086662044313215,,,,,,,,,,,,,,,,,,,,
rk_90bd28d0828a8db1567e,ml-100k,mf,cfair_favorite_push_random,age,10,102,,2.0,1342,y,o,0.0016556291390728,0.0031732891832229,0.0024185084799825,,,,,,,,,,,,,,,,,,,,
rk_e2089c4e0f8dc77e1a7a,ml-100k,mf,cfair_favorite_push_random,age,10,102,,3.0,2013,y,o,0.065121412803532,0.0937427730474088,0.0857523600718512,,,,,,,,,,,,,,,,,,,,
rk_c6e0ccbfc7cb0f12fe6c,ml-100k,nmf,cfair_favorite_push_random,age,10,102,,0.1,67,y,o,0.1178807947019867,0.1820622656715372,0.1592651689944606,,,,,,,,,,,,,,,,,,,,
rk_f92d22b7f53227f8e5e1,ml-100k,nmf,cfair_favorite_push_random,age,10,102,,0.25,168,y,o,0.1184326710816777,0.1811437856967658,0.1613531853984913,,,,,,,,,,,,,,,,,,,,
rk_607d7616ab8293f82ed3,ml-100k,nmf,cfair_favorite_push_random,age,10,102,,0.5,336,y,o,0.1201986754966887,0.1797369389256806,0.1640648039572566,,,,,,,,,,,,,,,,,,,,
rk_0b5b5f5fe0c6bb5763a9,ml-100k,nmf,cfair_favorite_push_random,age,10,102,,0.75,503,y,o,0.1156732891832229,0.1757156873050913,0.1580248474979787,,,,,,,,,,,,,,,,,,,,
rk_d68b7550fc188c1a97b1,ml-100k,nmf,cfair_favorite_push_random,age,10,102,,1.0,671,y,o,0.1190949227373068,0.1803422509548337,0.1606024118838365,,,,,,,,,,,,,,,,,,,,
rk_73d1c4d3cff4a82d3a38,ml-100k,nmf,cfair_favorite_push_random,age,10,102,,2.0,1342,y,o,0.1079470198675496,0.1607642173867339,0.1424528247079287,,,,,,,,,,,,,,,,,,,,
rk_b8a8bc2f71fe6af1e79a,ml-100k,nmf,cfair_favorite_push_random,age,10,102,,3.0,2013,y,o,0.0980132450331126,0.150439311118119,0.1321953792728205,,,,,,,,,,,,,,,,,,,,
rk_da2145b3cd731eeb4c3a,ml-100k,bnslim-u-gender,cfair_favorite_push_random,gender,10,102,,0.1,27,f,m,0.132560706401766,0.2013472791618487,0.1857221090016151,0.1362519201228878,0.1980859727403506,0.1879691143602707,0.1231372549019607,0.2096732026143791,0.1799856364977533,,,,,,,0.9037469328204788,1.0584959637158,0.9575277146477592,,,,,
rk_12b931c996a43beb5f4c,ml-100k,bnslim-u-gender,cfair_favorite_push_random,gender,10,102,,0.25,68,f,m,0.1331125827814569,0.2034400294334069,0.1859086882615991,0.1368663594470046,0.20063150708312,0.1887636131784143,0.1235294117647058,0.2106100217864924,0.1786202328857297,,,,,,,0.9025549613784908,1.0497355318137465,0.946264112442596,,,,,
rk_df98db84d38834a5fc92,ml-100k,bnslim-u-gender,cfair_favorite_push_random,gender,10,102,,0.5,136,f,m,0.1332229580573951,0.20331739023792,0.1857629230551728,0.1368663594470046,0.2010752688172042,0.1888413979543574,0.1239215686274509,0.209041394335512,0.177903757724313,,,,,,,0.905420215224137,1.0396176295830275,0.9420802835155456,,,,,
rk_ceb31dbb84e4ee6c3255,ml-100k,bnslim-u-gender,cfair_favorite_push_random,gender,10,102,,0.75,205,f,m,0.1334437086092715,0.2046418935491783,0.1860770919342076,0.1367127496159754,0.2010752688172043,0.1889382345330121,0.1250980392156862,0.2137472766884531,0.1787727631819656,,,,,,,0.9150429610046265,1.0630212156163714,0.9461968543520484,,,,,
rk_e2499642337aff98e321,ml-100k,bnslim-u-gender,cfair_favorite_push_random,gender,10,102,,1.0,273,f,m,0.1338852097130242,0.2053409369634535,0.1863125156355099,0.1373271889400922,0.2020481310803891,0.1892404548653866,0.1250980392156862,0.2137472766884531,0.1788376590133541,,,,,,,0.9109488090538228,1.0579027657692577,0.9450286892438912,,,,,
rk_0bd3718ad542a7b61242,ml-100k,bnslim-u-gender,cfair_favorite_push_random,gender,10,102,,2.0,546,f,m,0.1337748344370861,0.2051832579978275,0.1860487715610973,0.1370199692780338,0.2015214688025748,0.1891293637686443,0.1254901960784313,0.2145315904139433,0.178184200866536,,,,,,,0.9158533368504352,1.0645594818689723,0.9421286960204808,,,,,
rk_0ed6204c3ef13e385cc0,ml-100k,bnslim-u-gender,cfair_favorite_push_random,gender,10,102,,3.0,819,f,m,0.1334437086092715,0.2044934125232138,0.1858725505052918,0.1370199692780338,0.2016750786336039,0.1891560893881534,0.124313725490196,0.2116884531590414,0.1774898688866922,,,,,,,0.9072672118174624,1.049651025765208,0.9383249012009238,,,,,
rk_0bf6fa2ddfcfabe6f632,ml-100k,mf-value-gender,cfair_favorite_push_random,gender,10,102,,0.1,67,m,f,0.0798013245033112,0.1283427940712709,0.109699435920675,0.0806451612903225,0.1222045449003974,0.1089838505513379,0.0776470588235294,0.1440133831310302,0.1115262832753356,,,,,,,1.0386119257087,0.8485638087483156,0.9772032865318312,,,,,
rk_45dd5b14a884115e4bd9,ml-100k,mf-value-gender,cfair_favorite_push_random,gender,10,102,,0.25,168,m,f,0.036092715231788,0.0627785661726059,0.0491392234376592,0.0362519201228878,0.0591361275693073,0.048712396734865,0.0356862745098039,0.0720774976657329,0.0502288869024396,,,,,,,1.0158505089380665,0.8204520063051766,0.9698084058577656,,,,,
rk_d39a02021f2e2a2153e0,ml-100k,mf-value-gender,cfair_favorite_push_random,gender,10,102,,0.5,335,m,f,0.0656732891832229,0.1012684396790357,0.082998126724542,0.0649769585253456,0.0977927730231877,0.0805445293268457,0.0674509803921568,0.1101416122004357,0.0892620165516018,,,,,,,0.9633211874397172,0.887882164328814,0.902338222218893,,,,,
rk_4a1706a47b8bf900d367,ml-100k,mf-value-gender,cfair_favorite_push_random,gender,10,102,,0.75,502,m,f,0.07560706401766,0.1128267458565471,0.1047724434723912,0.0775729646697388,0.1101577548582156,0.1059067477496961,0.0705882352941176,0.1196405228758169,0.1018766313762127,,,,,,,1.0989503328213006,0.9207394970394428,1.0395587910499404,,,,,
rk_0740a55e9115a3d9769f,ml-100k,mf-value-gender,cfair_favorite_push_random,gender,10,102,,1.0,670,m,f,0.0728476821192053,0.1094738778513613,0.0994482163850111,0.0749615975422427,0.1095616024187452,0.1003840329920696,0.0674509803921568,0.1092499221910986,0.0970591316352265,,,,,,,1.1113492658879005,1.0028529102940815,1.0342564506896577,,,,,
rk_c5d469f507fa30bb1958,ml-100k,mf-value-gender,cfair_favorite_push_random,gender,10,102,,2.0,1340,m,f,0.0642384105960264,0.0947379025193594,0.0884337959008586,0.0637480798771121,0.0890565186648136,0.0850371937265949,0.0654901960784313,0.1092421413009648,0.0971051214516258,,,,,,,0.9733988244708736,0.8152212836936311,0.8757230561619482,,,,,
rk_ce64f18c98265dfaed8d,ml-100k,mf-value-gender,cfair_favorite_push_random,gender,10,102,,3.0,2010,m,f,0.0629139072847682,0.0905217421773713,0.0844371771704788,0.0640552995391705,0.0897953088045254,0.0836155657688946,0.06,0.092376283846872,0.0865347027486408,,,,,,,1.0675883256528416,0.9720601984095284,0.9662662852355836,,,,,
rk_640fb2a3865bd4121b7f,ml-100k,mf-absolute-gender,cfair_favorite_push_random,gender,10,102,,0.1,67,m,f,0.0245033112582781,0.0438216125302218,0.0320726583171812,0.0254992319508448,0.0425499231950844,0.0333058435750082,0.0219607843137254,0.0470681605975723,0.0289244088942581,,,,,,,1.1611257406188282,0.904006501526195,1.1514787976054306,,,,,
rk_4e6ce60c1a2e9e01265d,ml-100k,mf-absolute-gender,cfair_favorite_push_random,gender,10,102,,0.25,168,m,f,0.0772626931567329,0.1196923508181786,0.1096636709077844,0.0771121351766513,0.1158845975666252,0.1090412130150427,0.0776470588235294,0.1294133208839091,0.1112527692927837,,,,,,,0.9931108318205096,0.8954611223567942,0.9801213372772692,,,,,
rk_7f84267332131924a0a4,ml-100k,mf-absolute-gender,cfair_favorite_push_random,gender,10,102,,0.5,335,m,f,0.07560706401766,0.1206550685027506,0.1074541849642314,0.0737327188940092,0.1108739911735303,0.1043906212530679,0.0803921568627451,0.14562558356676,0.1152752829092017,,,,,,,0.917163088681578,0.7613634119632672,0.9055767951165448,,,,,
rk_e3c88c8e03b91ac1e9c7,ml-100k,mf-absolute-gender,cfair_favorite_push_random,gender,10,102,,0.75,502,m,f,0.0268211920529801,0.0555538035670486,0.0386417223539218,0.0225806451612903,0.045983590568844,0.0307435274133043,0.0376470588235294,0.0799859943977591,0.0588053494376158,,,,,,,0.5997983870967742,0.5748955290869311,0.5228015428412495,,,,,
rk_676ba6b1c9802cf67a63,ml-100k,mf-absolute-gender,cfair_favorite_push_random,gender,10,102,,1.0,670,m,f,0.0693156732891832,0.1039840218648165,0.0841295642137046,0.0695852534562212,0.1007229415063516,0.0820584509346435,0.0686274509803921,0.1123093681917211,0.0894169945849547,,,,,,,1.0139565503620802,0.8968347265066033,0.9177053122343544,,,,,
rk_7ec3c303891d3d746987,ml-100k,mf-absolute-gender,cfair_favorite_push_random,gender,10,102,,2.0,1340,m,f,0.0669977924944812,0.0963116261957321,0.0900180865870026,0.0649769585253456,0.0895825713798064,0.0844798802219334,0.072156862745098,0.1134905073140367,0.1041568016601793,,,,,,,0.9004958926066919,0.7893397738713487,0.8110836630482996,,,,,
rk_e810796992126d470300,ml-100k,mf-absolute-gender,cfair_favorite_push_random,gender,10,102,,3.0,2010,m,f,0.0626931567328918,0.0885218472966817,0.0737800151859367,0.0606758832565284,0.0807804842367054,0.0681350972670695,0.0678431372549019,0.1082850918145035,0.0881911585788095,,,,,,,0.8943555046482513,0.7459982060604005,0.7725842177952855,,,,,
rk_3f2e6016386ec9d6bce1,ml-100k,mf-under-gender,cfair_favorite_push_random,gender,10,102,,0.1,67,m,f,0.0111479028697571,0.0226475174322856,0.0174790517108688,0.0119815668202764,0.0230682954185258,0.0179956588100218,0.0090196078431372,0.0215732959850606,0.0161601841753841,,,,,,,1.328391103987177,1.0692986103978,1.11358005668237,,,,,
rk_c0bf8a927f8d0e511381,ml-100k,mf-under-gender,cfair_favorite_push_random,gender,10,102,,0.25,168,m,f,0.0084988962472406,0.0204159220715512,0.0130602227021908,0.0086021505376344,0.0173018311267159,0.0112771008457047,0.008235294117647,0.0283660130718954,0.0176124279122788,,,,,,,1.044546850998464,0.6099493461722432,0.6402922357934921,,,,,
rk_104071c64b27680b3099,ml-100k,mf-under-gender,cfair_favorite_push_random,gender,10,102,,0.5,335,m,f,0.0786975717439293,0.1238283576859735,0.1118777261143497,0.0784946236559139,0.1197260624679979,0.1087656724868464,0.0792156862745098,0.1343012760659819,0.1198226159633877,,,,,,,0.9908974768444588,0.8914737519632855,0.9077223995850684,,,,,
rk_680cb100d4f011fa885c,ml-100k,mf-under-gender,cfair_favorite_push_random,gender,10,102,,0.75,502,m,f,0.0694260485651214,0.1087406706612004,0.0969133405372039,0.0709677419354838,0.1063930948723575,0.0968414965295255,0.0654901960784313,0.1147338935574229,0.0970967540626885,,,,,,,1.0836391732663704,0.9273030973982334,0.9973711012728792,,,,,
rk_df9ab39b36b4594a9a67,ml-100k,mf-under-gender,cfair_favorite_push_random,gender,10,102,,1.0,670,m,f,0.007615894039735,0.0173792879918707,0.0117681010743453,0.004147465437788,0.0074561724331309,0.0058476062811384,0.0164705882352941,0.0427124183006535,0.0268827760170028,,,,,,,0.2518104015799868,0.1745668526808013,0.2175224120247086,,,,,
rk_0fbd38ba36ea75bd399d,ml-100k,mf-under-gender,cfair_favorite_push_random,gender,10,102,,2.0,1340,m,f,0.0673289183222958,0.0978437401450646,0.089981870516594,0.0680491551459293,0.0959256821007973,0.0880897337067375,0.0654901960784313,0.1027404295051353,0.0948123844899924,,,,,,,1.039073925880957,0.9336702461030938,0.9290952250656188,,,,,
rk_6fbf962ec41ee9e07058,ml-100k,mf-under-gender,cfair_favorite_push_random,gender,10,102,,3.0,2010,m,f,0.0009933774834437,0.0018579838116261,0.0014307522301193,0.0009216589861751,0.0015104966717869,0.0013187814540208,0.0011764705882352,0.0027450980392156,0.0017166070349826,,,,,,,0.783410138248848,0.5502523590081194,0.7682488928132223,,,,,
rk_c7ec358ac98cde51193d,ml-100k,mf-over-gender,cfair_favorite_push_random,gender,10,102,,0.1,67,m,f,0.0832229580573951,0.125216370580609,0.1138946222731475,0.084331797235023,0.1224629995367322,0.1139972659526708,0.0803921568627451,0.1322455648926237,0.1136325789971878,,,,,,,1.049005282679555,0.9260272708288224,1.0032093520951595,,,,,
rk_315c907ad4add1c6b551,ml-100k,mf-over-gender,cfair_favorite_push_random,gender,10,102,,0.25,168,m,f,0.082008830022075,0.1210663478047584,0.1159091745581557,0.0847926267281106,0.1234498817448126,0.1176054654398619,0.0749019607843137,0.1149813258636788,0.1115786437189762,,,,,,,1.1320481578883876,1.073651576180067,1.0540141152465077,,,,,
rk_85516d1f9572aa0851a6,ml-100k,mf-over-gender,cfair_favorite_push_random,gender,10,102,,0.5,335,m,f,0.0762693156732891,0.1203475945197799,0.1062160852272443,0.0763440860215053,0.1153262380220905,0.1040267649862369,0.076078431372549,0.1331668222844693,0.1118052910189926,,,,,,,1.0034918523445298,0.8660283097822372,0.9304279255314104,,,,,
rk_33156daf5296574949a5,ml-100k,mf-over-gender,cfair_favorite_push_random,gender,10,102,,0.75,502,m,f,0.0754966887417218,0.1124272924769613,0.1063257790307316,0.0740399385560676,0.1057122132006924,0.102686419007834,0.0792156862745098,0.1295704948646124,0.1156168510891879,,,,,,,0.9346625906830316,0.8158664000716412,0.8881613539934656,,,,,
rk_f15296b5870f2b34b98a,ml-100k,mf-over-gender,cfair_favorite_push_random,gender,10,102,,1.0,670,m,f,0.0704194260485651,0.1098855951504958,0.1005203055896255,0.0708141321044546,0.1067521273742472,0.0983957527994204,0.0694117647058823,0.1178851540616246,0.1059441638893256,,,,,,,1.020203598115025,0.90556040091734,0.9287510438254007,,,,,
rk_ca71b7557eb7b11dd1cc,ml-100k,mf-over-gender,cfair_favorite_push_random,gender,10,102,,2.0,1340,m,f,0.0681015452538631,0.1025127895161007,0.0920152260613527,0.0682027649769585,0.0982060566161948,0.0897950295364001,0.0678431372549019,0.1135076252723311,0.0976832571897613,,,,,,,1.0053008710476543,0.8651934738355745,0.919246881397112,,,,,
rk_10a1199f72c5a4525aa1,ml-100k,mf-over-gender,cfair_favorite_push_random,gender,10,102,,3.0,2010,m,f,0.0655629139072847,0.0961605171870072,0.0883821573062925,0.0648233486943164,0.0919555994440787,0.0858032064705698,0.0674509803921568,0.1068954248366013,0.0949660670869021,,,,,,,0.961043832386668,0.8602388697611767,0.9035143720551524,,,,,
rk_9378547da94053e33253,ml-100k,bnslim-u-age,cfair_favorite_push_random,age,10,102,,0.1,67,y,o,0.1349889624724062,0.2042814219138722,0.1882267178480412,,,,,,,,,,,,,,,,,,,,
rk_6a58010cf62d37544051,ml-100k,bnslim-u-age,cfair_favorite_push_random,age,10,102,,0.25,168,y,o,0.1339955849889625,0.2051876379690949,0.1884439137426276,,,,,,,,,,,,,,,,,,,,
rk_5ab7948ce39856cebe01,ml-100k,bnslim-u-age,cfair_favorite_push_random,age,10,102,,0.5,336,y,o,0.1333333333333333,0.2043843512386558,0.1880043362288457,,,,,,,,,,,,,,,,,,,,
rk_d7e73e1b1dc20dccd6f1,ml-100k,bnslim-u-age,cfair_favorite_push_random,age,10,102,,0.75,503,y,o,0.1335540838852097,0.2047154770664704,0.1880327417712632,,,,,,,,,,,,,,,,,,,,
rk_48c89083702c12fe60c4,ml-100k,bnslim-u-age,cfair_favorite_push_random,age,10,102,,1.0,671,y,o,0.1336644591611479,0.2049651354287115,0.1882019871589573,,,,,,,,,,,,,,,,,,,,
rk_eed0f5be434a17336515,ml-100k,bnslim-u-age,cfair_favorite_push_random,age,10,102,,2.0,1342,y,o,0.1335540838852097,0.2050527348540593,0.1881101150997349,,,,,,,,,,,,,,,,,,,,
rk_b912f2b08b3f2141ca31,ml-100k,bnslim-u-age,cfair_favorite_push_random,age,10,102,,3.0,2013,y,o,0.1336644591611479,0.2051631101299975,0.1882568729353298,,,,,,,,,,,,,,,,,,,,
rk_3f6c01c8ebbe27be90f5,ml-100k,mf-value-age,cfair_favorite_push_random,age,10,102,,0.1,67,y,o,0.0800220750551876,0.1233386768982795,0.1107645829016184,,,,,,,,,,,,,,,,,,,,
rk_9ed7a2cfcc03280d6df2,ml-100k,mf-value-age,cfair_favorite_push_random,age,10,102,,0.25,168,y,o,0.0293598233995585,0.0526674025018395,0.0416718287935288,,,,,,,,,,,,,,,,,,,,
rk_9a92e921f614e1f4029e,ml-100k,mf-value-age,cfair_favorite_push_random,age,10,102,,0.5,336,y,o,0.0663355408388521,0.1006166999544482,0.0855096677387834,,,,,,,,,,,,,,,,,,,,
rk_bb1323c49d7fc128a87f,ml-100k,mf-value-age,cfair_favorite_push_random,age,10,102,,0.75,503,y,o,0.0743929359823399,0.1129590209888223,0.1049154373165996,,,,,,,,,,,,,,,,,,,,
rk_6d62c1400e0686446f8a,ml-100k,mf-value-age,cfair_favorite_push_random,age,10,102,,1.0,671,y,o,0.0713024282560706,0.1062186832054381,0.0989207359203859,,,,,,,,,,,,,,,,,,,,
rk_3664fbff3034e37c9a69,ml-100k,mf-value-age,cfair_favorite_push_random,age,10,102,,2.0,1342,y,o,0.0669977924944812,0.0990342163355408,0.0906844480074134,,,,,,,,,,,,,,,,,,,,
rk_0f56ba77ff9d52edc1f2,ml-100k,mf-value-age,cfair_favorite_push_random,age,10,102,,3.0,2013,y,o,0.0630242825607064,0.092987666000911,0.0841834372594416,,,,,,,,,,,,,,,,,,,,
rk_c42db28440df005c9c8e,ml-100k,mf-absolute-age,cfair_favorite_push_random,age,10,102,,0.1,67,y,o,0.0194260485651214,0.0348820911734819,0.0261866633109994,,,,,,,,,,,,,,,,,,,,
rk_f299e9e2f73e55abe62c,ml-100k,mf-absolute-age,cfair_favorite_push_random,age,10,102,,0.25,168,y,o,0.0423841059602649,0.0720890710956936,0.0560560425777808,,,,,,,,,,,,,,,,,,,,
rk_a8d609c9ad899a0dc2c9,ml-100k,mf-absolute-age,cfair_favorite_push_random,age,10,102,,0.5,336,y,o,0.0349889624724061,0.0618027085742317,0.0468165818020236,,,,,,,,,,,,,,,,,,,,
rk_cb0e4e38167965115904,ml-100k,mf-absolute-age,cfair_favorite_push_random,age,10,102,,0.75,503,y,o,0.059933774834437,0.0894841269841269,0.0801289467065601,,,,,,,,,,,,,,,,,,,,
rk_66146a7b01008373894a,ml-100k,mf-absolute-age,cfair_favorite_push_random,age,10,102,,1.0,671,y,o,0.0714128035320088,0.1078931462209607,0.101180400424291,,,,,,,,,,,,,,,,,,,,
rk_1cc47d2625f6ca899e94,ml-100k,mf-absolute-age,cfair_favorite_push_random,age,10,102,,2.0,1342,y,o,0.062251655629139,0.088883632923368,0.0842460012645471,,,,,,,,,,,,,,,,,,,,
rk_24442e1fe28a62371cb6,ml-100k,mf-absolute-age,cfair_favorite_push_random,age,10,102,,3.0,2013,y,o,0.0525386313465783,0.0742422649707418,0.0650715286165498,,,,,,,,,,,,,,,,,,,,
rk_e66aea496d4d7f392935,ml-100k,mf-under-age,cfair_favorite_push_random,age,10,102,,0.1,67,y,o,0.0788079470198675,0.1182701741476575,0.1052822851607619,,,,,,,,,,,,,,,,,,,,
rk_386f71f4a6ad2707a582,ml-100k,mf-under-age,cfair_favorite_push_random,age,10,102,,0.25,168,y,o,0.0793598233995585,0.1197273905883177,0.1112771045961773,,,,,,,,,,,,,,,,,,,,
rk_2bfb880d8efd5ed08584,ml-100k,mf-under-age,cfair_favorite_push_random,age,10,102,,0.5,336,y,o,0.0208609271523178,0.0396641438032166,0.0299548579186359,,,,,,,,,,,,,,,,,,,,
rk_0f108708ea576d4aa395,ml-100k,mf-under-age,cfair_favorite_push_random,age,10,102,,0.75,503,y,o,0.0713024282560706,0.1111360769473352,0.1012690269873117,,,,,,,,,,,,,,,,,,,,
rk_6250cfce9ccfe47cc0eb,ml-100k,mf-under-age,cfair_favorite_push_random,age,10,102,,1.0,671,y,o,0.0677704194260485,0.1070780335680998,0.1023851536736003,,,,,,,,,,,,,,,,,,,,
rk_02cb321a59080e707602,ml-100k,mf-under-age,cfair_favorite_push_random,age,10,102,,2.0,1342,y,o,0.0636865342163355,0.0945040120536809,0.0898855670128641,,,,,,,,,,,,,,,,,,,,
rk_80195fbd7d2cc4ebdc2e,ml-100k,mf-under-age,cfair_favorite_push_random,age,10,102,,3.0,2013,y,o,0.0640176600441501,0.0926490942219419,0.0860472890599702,,,,,,,,,,,,,,,,,,,,
rk_7e52515a862b7171013a,ml-100k,mf-over-age,cfair_favorite_push_random,age,10,102,,0.1,67,y,o,0.0794701986754966,0.1174896632678089,0.1095697865940599,,,,,,,,,,,,,,,,,,,,
rk_4406f55be8c3369671c0,ml-100k,mf-over-age,cfair_favorite_push_random,age,10,102,,0.25,168,y,o,0.0828918322295805,0.1261059427450156,0.113891451181536,,,,,,,,,,,,,,,,,,,,
rk_f3022c866ae75dca57ff,ml-100k,mf-over-age,cfair_favorite_push_random,age,10,102,,0.5,336,y,o,0.0705298013245033,0.1024102981884438,0.0918269042057278,,,,,,,,,,,,,,,,,,,,
rk_f67b4459842d1de1d4cf,ml-100k,mf-over-age,cfair_favorite_push_random,age,10,102,,0.75,503,y,o,0.0725165562913907,0.1119270997582256,0.1012338332657094,,,,,,,,,,,,,,,,,,,,
rk_b86a44a2255f9d9c0013,ml-100k,mf-over-age,cfair_favorite_push_random,age,10,102,,1.0,671,y,o,0.073841059602649,0.1123199831809103,0.103798505485633,,,,,,,,,,,,,,,,,,,,
rk_b4e876fa3abc162092b7,ml-100k,mf-over-age,cfair_favorite_push_random,age,10,102,,2.0,1342,y,o,0.0663355408388521,0.0971915624233505,0.0866575291786822,,,,,,,,,,,,,,,,,,,,
rk_28787d542f80db92bb5b,ml-100k,mf-over-age,cfair_favorite_push_random,age,10,102,,3.0,2013,y,o,0.0097130242825607,0.015237044044991,0.0125537814852578,,,,,,,,,,,,,,,,,,,,
rk_f9a5c2508e26a01c5085,ml-100k,ease-i,cfair_favorite_push_random,gender,10,66,,0.1,27,f,m,0.1363134657836644,0.2115407862924419,0.1922377952514237,0.1387096774193548,0.2067112866652037,0.1925242126230329,0.1301960784313725,0.2238702147525677,0.1915065885497862,,,,,,,0.938622891016872,1.083009149447921,0.9947143060117882,,,,78525.5,0.949541675440049
rk_ec39ca4a7055d09fecff,ml-100k,ease-i,cfair_favorite_push_random,gender,10,66,,0.25,68,f,m,0.1360927152317881,0.2113520095308174,0.1919265340300372,0.1385560675883256,0.2065747445931778,0.1924569264470227,0.1298039215686274,0.2235480859010271,0.1905724733890272,,,,,,,0.9368331811660362,1.0821656168147569,0.9902084425186212,,,,81243.0,0.7359199108371248
rk_83d01a1d7337299cc12d,ml-100k,ease-i,cfair_favorite_push_random,gender,10,66,,0.5,136,f,m,0.1365342163355408,0.2119038859105084,0.1923032162461612,0.1391705069124424,0.2073427937483237,0.1929818641373858,0.1298039215686274,0.2235480859010271,0.190570668100329,,,,,,,0.9326970523308662,1.078157006856837,0.987505582206729,,,,81278.0,0.7293120666036189
rk_e60fce02533f4e771cd6,ml-100k,ease-i,cfair_favorite_push_random,gender,10,66,,0.75,205,f,m,0.1364238410596026,0.2117935106345702,0.1920732516029355,0.1391705069124424,0.2073427937483237,0.1927756866130115,0.1294117647058823,0.223155929038282,0.1902799763419178,,,,,,,0.9298792364627972,1.0762656613431791,0.9870538120499412,,,,81440.0,0.7080377358698247
rk_65deed0d295a270b2cec,ml-100k,ease-i,cfair_favorite_push_random,gender,10,66,,1.0,273,f,m,0.1367549668874172,0.2123177931952766,0.1924359273191169,0.1394777265745007,0.2079188306146831,0.1932577586633155,0.1298039215686274,0.2235480859010271,0.1903378402403981,,,,,,,0.930642653537186,1.0751699845566571,0.9848910675405051,,,,82091.0,0.6251946114544789
rk_afc0fc56c0be9dd434bf,ml-100k,ease-u,cfair_favorite_push_random,gender,10,79,,0.1,67,m,f,0.1289183222958057,0.2043392375346017,0.1848252322679406,0.1319508448540706,0.1976830517153097,0.1848773300490618,0.1211764705882352,0.2213320883909119,0.1846922296973136,,,,,,,1.0889147390869909,0.8931513417348066,1.001002209741317,,,,81303.5,0.720862209117664
rk_467f7663de166f084f9b,ml-100k,ease-u,cfair_favorite_push_random,gender,10,79,,0.25,168,m,f,0.1299116997792494,0.2054499982480114,0.1858766682139722,0.132258064516129,0.1985059615243946,0.1856730242335557,0.1239215686274509,0.2231777155306567,0.1863965593169178,,,,,,,1.0672723560636994,0.8894524305547298,0.9961183023655928,,,,82660.5,0.5446564512281655
rk_e74ae025caa7bb66bc7b,ml-100k,ease-u,cfair_favorite_push_random,gender,10,79,,0.5,335,m,f,0.1305739514348786,0.2066619362976978,0.187224884990286,0.1328725038402457,0.1989637432033745,0.186827857186742,0.1247058823529411,0.2263149704326174,0.1882384736181572,,,,,,,1.0654870590963104,0.8791453027744516,0.9925062267861527,,,,82927.5,0.5095138844036982
rk_dabf8f7f89f492765cfd,ml-100k,ease-u,cfair_favorite_push_random,gender,10,79,,0.75,502,m,f,0.1294701986754967,0.2056142471705385,0.1864037337464271,0.1317972350230415,0.196430400117036,0.1849133948233708,0.1235294117647058,0.2290600684718331,0.1902084813499942,,,,,,,1.066929997805574,0.8575497310706099,0.9721616697160826,,,,84895.5,0.277915537218963
rk_2f761e13885e085b2beb,ml-100k,ease-u,cfair_favorite_push_random,gender,10,79,,1.0,670,m,f,0.1299116997792494,0.2068349451627597,0.1865429273232602,0.1330261136712749,0.1994093336259234,0.1862691813472306,0.1219607843137254,0.225792094615624,0.1872417846973591,,,,,,,1.0907285847644732,0.8831546293300785,0.9948056287131608,,,,83080.0,0.4904636998426991
rk_2e40981e91ea306c47c8,ml-100k,slim-i,cfair_favorite_push_random,gender,10,66,,0.1,27,f,m,0.13719646799117,0.213246347103963,0.1916973305260746,0.1417818740399385,0.2104070660522273,0.1935644075246222,0.1254901960784313,0.2204948646125117,0.1869307927768413,,,,,,,0.8850933656236059,1.0479442004945805,0.9657291604762768,,,,80015.0,0.8352483489812692
rk_280b8b53686d95ff2bd8,ml-100k,slim-i,cfair_favorite_push_random,gender,10,66,,0.25,68,f,m,0.1363134657836644,0.2125122639195486,0.1906258599466822,0.1402457757296467,0.2088051349572086,0.1918245992027351,0.1262745098039215,0.2219763460939931,0.1875655491400531,,,,,,,0.9003801301462535,1.0630789618247831,0.977797164282456,,,,78201.0,0.9374689146610798
rk_6db26b223816c9fd8f95,ml-100k,slim-i,cfair_favorite_push_random,gender,10,66,,0.5,136,f,m,0.1363134657836644,0.2113287956831003,0.1905982480394889,0.1402457757296467,0.2085576524516616,0.1919477836376644,0.1262745098039215,0.2184033613445378,0.1871529630417938,,,,,,,0.9003801301462535,1.0472085717169173,0.9750201825465116,,,,77254.5,0.9651108427497108
rk_fafcf367269e15475b94,ml-100k,slim-i,cfair_favorite_push_random,gender,10,66,,0.75,205,f,m,0.136644591611479,0.2114435509303059,0.190749245393688,0.140552995391705,0.2086515251261795,0.1919312921264598,0.1266666666666666,0.2185714285714285,0.1877315496170822,,,,,,,0.9012021857923496,1.0475429232508613,0.9781185107292956,,,,77041.5,0.9694467589152996
rk_80c2126e9c6332ea75fa,ml-100k,slim-i,cfair_favorite_push_random,gender,10,66,,1.0,273,f,m,0.1362030905077262,0.2105605487228004,0.1899342332459481,0.1400921658986175,0.2081906956330919,0.1912070487005905,0.1262745098039215,0.2166106442577031,0.1866848102617432,,,,,,,0.9013673890608876,1.0404434434449952,0.9763489972279802,,,,77219.0,0.964182333740776
rk_365b70a04dad92e37f10,ml-100k,slim-u,cfair_favorite_push_random,gender,10,66,,0.1,27,f,m,0.1335540838852097,0.2019166754266092,0.1865037402430851,0.1374807987711213,0.1985394874795796,0.1884629814740575,0.1235294117647058,0.2105384375972611,0.1815019126298969,,,,,,,0.8985211961879724,1.0604360889111069,0.96306399914872,,,,85319.0,0.1568884263703882
rk_c2c1eb6c872b6c50a93b,ml-100k,slim-u,cfair_favorite_push_random,gender,10,66,,0.25,68,f,m,0.1335540838852097,0.202787413714566,0.1864786884136655,0.1368663594470046,0.1991539268036963,0.1880385636964509,0.1250980392156862,0.212063492063492,0.1824964185740839,,,,,,,0.9140159767610748,1.0648220472826553,0.9705265504404,,,,83281.5,0.459487634612887
rk_9adc0f00eeb11e9676c6,ml-100k,slim-u,cfair_favorite_push_random,gender,10,66,,0.5,136,f,m,0.1345474613686534,0.2046913872244997,0.187194157886254,0.1385560675883256,0.2024949406285811,0.1897521290391776,0.124313725490196,0.2102987861811391,0.1806638080017314,,,,,,,0.8972088170079562,1.038538471767904,0.9521042473490788,,,,85207.5,0.2202168895276369
rk_9d76ea5dbc21618086ed,ml-100k,slim-u,cfair_favorite_push_random,gender,10,66,,0.75,205,f,m,0.1346578366445916,0.2059453729983531,0.1870624697268281,0.1382488479262673,0.2024181357130665,0.1895297370069112,0.1254901960784313,0.2149502023031435,0.1807636814941455,,,,,,,0.9077124183006536,1.0619117775486355,0.9537483898241994,,,,84658.5,0.2868757533014872
rk_63efad6c883f079797ef,ml-100k,slim-u,cfair_favorite_push_random,gender,10,66,,1.0,273,f,m,0.134878587196468,0.2065813448263779,0.186935222370021,0.1385560675883256,0.203303220929949,0.1897896759027942,0.1254901960784313,0.2149502023031435,0.1796479704098827,,,,,,,0.9056997521846876,1.0572887203651713,0.9465634500682438,,,,85994.5,0.1582760329319704
rk_9ff07f8738f5d4d117db,ml-100k,svd,cfair_favorite_push_random,gender,10,66,,0.1,27,f,m,0.1203090507726269,0.1855469708118714,0.164757766199099,0.1288786482334869,0.1912546021993026,0.172246119853986,0.0984313725490196,0.1709757236227824,0.1456404398095641,,,,,,,0.7637523662623571,0.8939691994685284,0.8455368395701706,,,,83448.0,0.4356322265108642
rk_672e597c7a0a45799224,ml-100k,svd,cfair_favorite_push_random,gender,10,66,,0.25,68,f,m,0.1195364238410596,0.1853936718175128,0.163402301865036,0.1273425499231951,0.1903451344695584,0.1707944011272813,0.0996078431372548,0.1727528789293495,0.1445307072778923,,,,,,,0.782203931029589,0.9075770673664244,0.8462262599005428,,,,81965.0,0.6334036437823836
rk_3b7b93b56a4f5a8352d3,ml-100k,svd,cfair_favorite_push_random,gender,10,66,,0.5,136,f,m,0.1178807947019867,0.1826618837380426,0.1603547384415961,0.1254992319508448,0.1872924438592641,0.167096959676949,0.0984313725490196,0.1708403361344538,0.1431422442289892,,,,,,,0.7843185254517964,0.9121581875605572,0.856641823440284,,,,79053.5,0.8932708924353615
rk_f0763548b189c1b3163b,ml-100k,svd,cfair_favorite_push_random,gender,10,66,,0.75,205,f,m,0.1158940397350993,0.179191194505764,0.1582059725103498,0.1230414746543779,0.1826414795308804,0.1648188980345261,0.0976470588235294,0.1703828197945844,0.1413235626427468,,,,,,,0.7936109275170741,0.9328812941737952,0.8574475641327395,,,,75996.0,0.9848018541507167
rk_b1b7866ecbb6ee877a5b,ml-100k,svd,cfair_favorite_push_random,gender,10,66,,1.0,273,f,m,0.1134657836644591,0.176205806089912,0.1555122000450957,0.1201228878648233,0.1785342452393143,0.1620290990522484,0.0964705882352941,0.1702614379084967,0.1388749402268351,,,,,,,0.8030991424702875,0.953662630271697,0.8570987621307026,,,,77709.5,0.946603346012992
rk_90f8d5d01b1b7f37035b,ml-100k,mf,cfair_favorite_push_random,gender,10,79,,0.1,67,m,f,0.084878587196468,0.1334288167069623,0.1157365181742816,0.0861751152073732,0.1278765269548679,0.1126254207311039,0.0815686274509804,0.1476034858387799,0.1236789669409826,,,,,,,1.0564737681673164,0.8663516733916518,0.910627114025352,,,,82094.5,0.6046995594816642
rk_4a661dd46a3c08ab8a4c,ml-100k,mf,cfair_favorite_push_random,gender,10,79,,0.25,168,m,f,0.0842163355408388,0.1288386068187393,0.1156417782582103,0.0854070660522273,0.12793260673445,0.1166760510449857,0.0811764705882353,0.131151571739807,0.1130013406731485,,,,,,,1.052116031078163,0.9754561461776216,1.0325191749933846,,,,81273.0,0.6930372623059058
rk_5c8e5df1e16a6f6eb0cf,ml-100k,mf,cfair_favorite_push_random,gender,10,79,,0.5,335,m,f,0.0798013245033112,0.1172259889975121,0.1052288531711615,0.0817204301075268,0.1164502718650184,0.1060972215444633,0.0749019607843137,0.1192063492063492,0.1030119597946147,,,,,,,1.091031920283736,0.976879777296426,1.029950519881381,,,,81062.0,0.7126240903688275
rk_32e844f34315d51b1e3c,ml-100k,mf,cfair_favorite_push_random,gender,10,79,,0.75,502,m,f,0.0792494481236203,0.1205626511090087,0.1073060624896228,0.0800307219662058,0.1167568819642552,0.1067942635759047,0.0772549019607843,0.1302785558667911,0.1086126550105267,,,,,,,1.035930665044796,0.8962095195746433,0.98325801505869,,,,81250.5,0.6955918237291432
rk_70a4def5e4b1259d0a7f,ml-100k,mf,cfair_favorite_push_random,gender,10,79,,1.0,670,m,f,0.0677704194260485,0.0927923192823855,0.0842410552473885,0.071121351766513,0.0948095725745495,0.0873193790596206,0.0592156862745098,0.0876423902894491,0.0763822756326312,,,,,,,1.2010559404278696,1.0817775765976942,1.143189023060697,,,,78932.5,0.8810384397991606
rk_48ad02b7521cdd8cd2aa,ml-100k,nmf,cfair_favorite_push_random,gender,10,66,,0.1,27,f,m,0.1189845474613686,0.1786752338904657,0.163136958259218,0.1225806451612903,0.179154170628825,0.1675382433116854,0.1098039215686274,0.1774525365701836,0.1519007364193896,,,,,,,0.895768833849329,0.990501845127754,0.906663060426126,,,,82093.5,0.6064855900482667
rk_6bdfe041b3703c7b01ef,ml-100k,nmf,cfair_favorite_push_random,gender,10,66,,0.25,68,f,m,0.1157836644591611,0.1769972668979291,0.158432506922296,0.1208909370199692,0.1801142320727574,0.1648883217398702,0.1027450980392157,0.1690398381574852,0.141951191446842,,,,,,,0.8498990955975784,0.9385146093796816,0.8608929361946319,,,,85206.5,0.2555373395727597
rk_db868fe0776bdd0c5550,ml-100k,nmf,cfair_favorite_push_random,gender,10,66,,0.5,136,f,m,0.1186534216335541,0.1792586460632818,0.1626879745622139,0.1216589861751152,0.1801386145856191,0.1666913404681084,0.1109803921568627,0.1770121381886087,0.1524676168965774,,,,,,,0.912225193107546,0.9826440521694788,0.9146702910205928,,,,82496.0,0.5599498417379086
rk_74763934a692fdf0dd99,ml-100k,nmf,cfair_favorite_push_random,gender,10,66,,0.75,205,f,m,0.1194260485651214,0.1806247591015803,0.162704505736393,0.1248847926267281,0.1849066149757394,0.1682768085293453,0.1054901960784313,0.169693432928727,0.1484787444885032,,,,,,,0.844700094059764,0.9177250524595432,0.8823482319764249,,,,84845.5,0.2920786680714808
rk_c5e820cebd692f841b09,ml-100k,nmf,cfair_favorite_push_random,gender,10,66,,1.0,273,f,m,0.116887417218543,0.1789025543992431,0.162663480012348,0.1202764976958525,0.1800014629507717,0.1661340003785171,0.108235294117647,0.1760971055088702,0.1538034456657752,,,,,,,0.8998873112463375,0.9783093016140136,0.9257794630560384,,,,79600.5,0.8434653885615768
rk_255abc305addbe8ae1e1,ml-100k,neumf,cfair_favorite_push_random,gender,10,57,,0.1,27,f,m,0.0969094922737306,0.143893444059007,0.1299599851141185,0.1004608294930875,0.1452850315753541,0.1339346834710962,0.0878431372549019,0.1403408029878618,0.11981281401454,,,,,,,0.8744018708400789,0.9659687681939352,0.8945615199097866,,,,85156.5,0.2624096042689622
rk_975f4c82f29c6ca6f024,ml-100k,neumf,cfair_favorite_push_random,gender,10,57,,0.25,68,f,m,0.097130242825607,0.1434742808087179,0.1299164410142012,0.1007680491551459,0.1446712018140589,0.1330627349076859,0.0878431372549019,0.1404186118892001,0.1218841377802461,,,,,,,0.8717360114777618,0.970605138607167,0.9159900242904588,,,,81497.5,0.6705190991124073
rk_b0ebe4b935d483302326,ml-100k,neumf,cfair_favorite_push_random,gender,10,57,,0.5,136,f,m,0.1006622516556291,0.1512351518974035,0.1338031110881267,0.1036866359447004,0.1482542120790968,0.1337581911917966,0.0929411764705882,0.1588453159041394,0.1339177889411105,,,,,,,0.8963660130718955,1.0714388055254174,1.0011931811270165,,,,80897.5,0.7323861421181517
rk_eb045d5949bcf6ac94d6,ml-100k,neumf,cfair_favorite_push_random,gender,10,57,,0.75,205,f,m,0.0883002207505518,0.1368973159536073,0.1221295197248552,0.0929339477726574,0.1394765074488576,0.1249224388677078,0.0764705882352941,0.13031279178338,0.1149993614425138,,,,,,,0.8228488089450656,0.9342992176023784,0.920566092728125,,,,82747.5,0.5298259097526684
rk_1a041406a2e3b4fdc7c2,ml-100k,neumf,cfair_favorite_push_random,gender,10,57,,1.0,273,f,m,0.095364238410596,0.1458771330460072,0.1312093213620067,0.0978494623655914,0.1481451003340404,0.1334042366458788,0.0890196078431372,0.1400871459694989,0.1256058317549452,,,,,,,0.9097608274078862,0.9456076890401892,0.9415430492538668,,,,84102.0,0.3733476588897937
rk_67f963029265a9ad689d,ml-100k,bnslim-u-gender,cfair_favorite_push_random,gender,10,66,,0.1,27,f,m,0.1334437086092715,0.2016959248747328,0.1865700588720924,0.137173579109063,0.1980786579864921,0.1884190811645768,0.1239215686274509,0.2109305944600062,0.1818496137253969,,,,,,,0.9033923983927276,1.0648829944838911,0.9651337465474542,,,,84647.0,0.2384845211396385
rk_f1fbd132c4f3837e9ddf,ml-100k,bnslim-u-gender,cfair_favorite_push_random,gender,10,66,,0.25,68,f,m,0.1334437086092715,0.2026770384386278,0.1866452968379309,0.1368663594470046,0.1991539268036964,0.1882248001430743,0.1247058823529411,0.211671335200747,0.1826129178118588,,,,,,,0.911150722915429,1.062852932894408,0.970185212963702,,,,82962.0,0.5060390781303993
rk_268c55376400ac8ebfca,ml-100k,bnslim-u-gender,cfair_favorite_push_random,gender,10,66,,0.5,136,f,m,0.1342163355408388,0.2043602613966852,0.1871071782287062,0.138095238095238,0.2020341111354936,0.1898032373727768,0.124313725490196,0.2102987861811391,0.1802242978256084,,,,,,,0.9002028397565925,1.0409073250016818,0.9495322646770502,,,,84830.0,0.2615573676024908
rk_811132f1169e85ab3275,ml-100k,bnslim-u-gender,cfair_favorite_push_random,gender,10,66,,0.75,205,f,m,0.1345474613686534,0.2062029153088755,0.1870625863599316,0.1380952380952381,0.2027765586521347,0.1898357365211429,0.1254901960784313,0.2149502023031435,0.1799828971248392,,,,,,,0.9087221095334684,1.0600347679826878,0.9480980790189296,,,,85004.0,0.2489755804013557
rk_e4e7352c61413a78757f,ml-100k,bnslim-u-gender,cfair_favorite_push_random,gender,10,66,,1.0,273,f,m,0.1345474613686534,0.2062502189985633,0.1868626919559406,0.1380952380952381,0.2028423914368615,0.1896838547758521,0.1254901960784313,0.2149502023031435,0.1796604292274607,,,,,,,0.9087221095334684,1.0596907322010685,0.947157202386908,,,,85463.0,0.2053154825450596
rk_29a7ca9b3eb5cb8fb87c,ml-100k,mf-value-gender,cfair_favorite_push_random,gender,10,79,,0.1,67,m,f,0.0795805739514348,0.1269355093030589,0.1101421028540725,0.0820276497695852,0.1273352351693365,0.1116947385522595,0.0733333333333333,0.1259150326797385,0.1061783152481127,,,,,,,1.1185588604943444,1.0112790542906045,1.0519543307054389,,,,82960.0,0.504999457061046
rk_25d3bf2940a56b0d85a7,ml-100k,mf-value-gender,cfair_favorite_push_random,gender,10,79,,0.25,168,m,f,0.080242825607064,0.1210527698938295,0.1119482588228818,0.0827956989247311,0.1231920366712993,0.1150440385390001,0.0737254901960784,0.1155913476501711,0.1040449153123209,,,,,,,1.1230267673301304,1.065754826599402,1.1057151442111537,,,,83136.0,0.4845095520578102
rk_529e7691b9702bd69b81,ml-100k,mf-value-gender,cfair_favorite_push_random,gender,10,79,,0.5,335,m,f,0.0772626931567329,0.1167695959914502,0.1094309263803942,0.0792626728110599,0.1145264916002243,0.1094208997407182,0.072156862745098,0.122496109554933,0.1094565238016849,,,,,,,1.0984772590663194,0.9349398280184988,0.9996745368870724,,,,85161.5,0.2632448987602899
rk_6d301076a5e888223ddd,ml-100k,mf-value-gender,cfair_favorite_push_random,gender,10,79,,0.75,502,m,f,0.0795805739514348,0.1207387259539577,0.1095447208029748,0.0829493087557603,0.1240051934752395,0.1136803281307898,0.0709803921568627,0.1123996265172735,0.0989867585660824,,,,,,,1.1686228581612648,1.1032527181590095,1.148439748685155,,,,83310.5,0.4642040389425319
rk_8d71cf87773f5c43cbe5,ml-100k,mf-value-gender,cfair_favorite_push_random,gender,10,79,,1.0,670,m,f,0.0719646799116997,0.1041390728476821,0.0959129946103351,0.0725038402457757,0.1008088898641894,0.0945685482110869,0.0705882352941176,0.1126408341114223,0.0993452871825333,,,,,,,1.0271377368151562,0.8949586591703593,0.9519178100248504,,,,88959.0,0.0399675692264704
rk_d876cdaa1a0bd5dca587,ml-100k,mf-absolute-gender,cfair_favorite_push_random,gender,10,79,,0.1,67,m,f,0.0781456953642384,0.122680367216791,0.1068541775789239,0.0803379416282642,0.1224038719430424,0.1086908053566891,0.0725490196078431,0.1233862433862433,0.1021653748992176,,,,,,,1.1073608170382363,0.9920382417339204,1.063871252505152,,,,85075.5,0.2721665032622051
rk_de3eabe4fc16d905cd87,ml-100k,mf-absolute-gender,cfair_favorite_push_random,gender,10,79,,0.25,168,m,f,0.0790286975717439,0.1175220750551876,0.1086802303863963,0.0806451612903225,0.1185880086801745,0.1110571573551397,0.0749019607843137,0.1148008092125739,0.1026120756544279,,,,,,,1.0766762371221077,1.0329893098626857,1.0823010512832116,,,,84286.5,0.3536571069160292
rk_71b0c0f4ee9c2d94f790,ml-100k,mf-absolute-gender,cfair_favorite_push_random,gender,10,79,,0.5,335,m,f,0.0764900662251655,0.1160753705455692,0.1084779846262428,0.0788018433179723,0.113231780167264,0.108666180315631,0.0705882352941176,0.1233348895113601,0.1079975321015694,,,,,,,1.116359447004608,0.9180839307991152,1.006191328644739,,,,86674.5,0.1404346833063022
rk_9c8de6a4a318e119ac6f,ml-100k,mf-absolute-gender,cfair_favorite_push_random,gender,10,79,,0.75,502,m,f,0.0772626931567329,0.1166964504712849,0.106248015336675,0.0806451612903225,0.1187611245214931,0.1084843816863279,0.0686274509803921,0.1114254590725179,0.1005387035969729,,,,,,,1.1751152073732718,1.0658347339112249,1.0790310378499277,,,,85757.5,0.2095437354977803
rk_72b5a720cdeb32700d9b,ml-100k,mf-absolute-gender,cfair_favorite_push_random,gender,10,79,,1.0,670,m,f,0.0392935982339955,0.0643536038403588,0.0502547410151269,0.0394777265745007,0.059908443664204,0.0501433568740511,0.0388235294117647,0.0757018362900715,0.0505390981752851,,,,,,,1.0168505329795654,0.7913737182629097,0.9921696010510226,,,,88053.0,0.0680810502165068
rk_fed60d9691e33207be01,ml-100k,mf-under-gender,cfair_favorite_push_random,gender,10,79,,0.1,67,m,f,0.0794701986754966,0.1246859560601282,0.1085656276167205,0.0811059907834101,0.1240539585009631,0.1089735750677131,0.0752941176470588,0.1262994086523498,0.1075241617712453,,,,,,,1.077188940092166,0.982221214055186,1.0134798846379425,,,,80498.5,0.7712956264071349
rk_f89a7be7ac87b2c6e8e8,ml-100k,mf-under-gender,cfair_favorite_push_random,gender,10,79,,0.25,168,m,f,0.0809050772626931,0.1235414695679596,0.1123614348475467,0.0820276497695852,0.1228854265720625,0.1133768124320619,0.0780392156862745,0.1252163087457205,0.1097692356023727,,,,,,,1.0511080749368966,0.9813851550408552,1.032865099313957,,,,80712.0,0.750958789639668
rk_af93a0be59acdb843955,ml-100k,mf-under-gender,cfair_favorite_push_random,gender,10,79,,0.5,335,m,f,0.0794701986754966,0.1213830197273905,0.1120264622049357,0.0823348694316436,0.1182692073245068,0.1109704603624587,0.072156862745098,0.1293323996265172,0.1147223727910238,,,,,,,1.1410538970146265,0.9144592357834664,0.9672957215119716,,,,81196.5,0.7037470705479274
rk_0d53ab297ae5265743c1,ml-100k,mf-under-gender,cfair_favorite_push_random,gender,10,79,,0.75,502,m,f,0.0757174392935982,0.1142712603805319,0.1066089904321419,0.0795698924731182,0.1176151464169897,0.1094470825817822,0.0658823529411764,0.1057345160286336,0.0993635081207074,,,,,,,1.2077572964669736,1.1123628388778808,1.101481667181328,,,,77428.5,0.9525652476782404
rk_526ccddc528e2efa0bf9,ml-100k,mf-under-gender,cfair_favorite_push_random,gender,10,79,,1.0,670,m,f,0.0371964679911699,0.0545941518623637,0.0469649346282192,0.041321044546851,0.058185209567698,0.0520775755242142,0.0266666666666666,0.0454263927793339,0.0339126631643258,,,,,,,1.5495391705069126,1.2808679273818222,1.535638037976233,,,,77608.5,0.9582954971254884
rk_1a36dd6f40fba674ded8,ml-100k,mf-over-gender,cfair_favorite_push_random,gender,10,79,,0.1,67,m,f,0.0815673289183223,0.1258339465293107,0.1097413968848153,0.0827956989247311,0.1225958842318289,0.1078523969229739,0.0784313725490196,0.1341005291005291,0.1145639026697513,,,,,,,1.0556451612903226,0.9142088033069904,0.941416924612595,,,,85077.5,0.2732062777442288
rk_4a9cc387843f046a90ba,ml-100k,mf-over-gender,cfair_favorite_push_random,gender,10,79,,0.25,168,m,f,0.0839955849889624,0.1299081958022355,0.1130729107523686,0.0847926267281106,0.1283276034428108,0.1140543661962267,0.0819607843137254,0.1339433551198257,0.1105673127368722,,,,,,,1.0345511873525457,0.9580736821771332,1.0315378331356666,,,,83789.0,0.4098867793631359
rk_1fc349b63bc20a059d30,ml-100k,mf-over-gender,cfair_favorite_push_random,gender,10,79,,0.5,335,m,f,0.0807947019867549,0.12356424541855,0.1114654526203932,0.0841781874039938,0.1226958525345622,0.1137033213703416,0.072156862745098,0.1257812013694366,0.1057523053411132,,,,,,,1.1665998797836106,0.97547050909609,1.075185273773292,,,,80838.5,0.734327543261155
rk_1cb96b49b42064b350c8,ml-100k,mf-over-gender,cfair_favorite_push_random,gender,10,79,,0.75,502,m,f,0.0745033112582781,0.1132634289919058,0.1029998445207609,0.0766513056835637,0.1136097091166215,0.1032115335693842,0.0690196078431372,0.1123793962029256,0.1024594148319227,,,,,,,1.1105728948470883,1.0109478512544623,1.0073406503315994,,,,85229.0,0.2586440906921953
rk_63797f22d12b3d37273f,ml-100k,mf-over-gender,cfair_favorite_push_random,gender,10,79,,1.0,670,m,f,0.07560706401766,0.1052752373944426,0.1008704045325591,0.0798771121351766,0.1076128300782678,0.1053831631021967,0.0647058823529411,0.099307500778089,0.0893495973606607,,,,,,,1.2344644602709116,1.083632447046853,1.1794475433035958,,,,79489.0,0.8462821495184456
rk_12c51e296b3a45985258,ml-100k,ease-i,cfair_favorite_push_random,age,10,80,,0.1,67,y,o,0.1355408388520971,0.2111373909387154,0.1907656288670698,,,,,,,0.133695652173913,0.1984022232081238,0.1824873201749136,0.1400763358778626,0.2424406276505513,0.2111138380187821,,,,0.9544485250562728,0.8183538589666436,0.8644024564542203,87196.0,0.1590499567175212
rk_acf66403ae47267e5ad3,ml-100k,ease-i,cfair_favorite_push_random,age,10,80,,0.25,168,y,o,0.1353200883002207,0.2106577840849364,0.1907906694336984,,,,,,,0.1335403726708074,0.1981434240362811,0.1826778984565336,0.1396946564885496,0.241418272143463,0.2107319843546684,,,,0.9559447442555068,0.8207474201394924,0.8668731470258505,87193.5,0.16366122301765612
rk_a5be19b0ead3d3eeb0c3,ml-100k,ease-i,cfair_favorite_push_random,age,10,80,,0.5,336,y,o,0.1352097130242825,0.2106319422544588,0.1910884120176249,,,,,,,0.133695652173913,0.1985082076308784,0.1832686012554358,0.1389312977099236,0.2404322670544044,0.2103096262575097,,,,0.9623148590539892,0.8256304782334413,0.8714227898966258,86141.5,0.2714031630879335
rk_4d332f77aa2a10dbeabd,ml-100k,ease-i,cfair_favorite_push_random,age,10,80,,0.75,503,y,o,0.1350993377483443,0.2099819545183783,0.190728938113987,,,,,,,0.1333850931677018,0.1974212511091393,0.1825137970122854,0.1393129770992366,0.2408563552647522,0.2109218803639714,,,,0.9574491619161064,0.8196638651786105,0.8653146686220299,88107.0,0.10383323856077165
rk_ce940fdce3aad18dd3e2,ml-100k,ease-i,cfair_favorite_push_random,age,10,80,,1.0,671,y,o,0.1346578366445916,0.2094073022880969,0.1900492625686908,,,,,,,0.1330745341614906,0.1970934388248052,0.1821888455132427,0.1385496183206107,0.2396749666787835,0.2093702876973494,,,,0.9604828636449187,0.822336356424546,0.8701752646803534,85809.5,0.3129288107207694
rk_4fad11bb11f8a71f42b2,ml-100k,ease-u,cfair_favorite_push_random,age,10,80,,0.1,67,y,o,0.1296909492273731,0.2058209818143593,0.1858342014058495,,,,,,,0.1309006211180124,0.1971889480429853,0.1803288677309572,0.1267175572519084,0.2270386526111717,0.1993663956296305,,,,1.0330109256903388,0.8685258909666486,0.9045098456108924,79447.0,0.9501909965882095
rk_08a671a27d276f8e700d,ml-100k,ease-u,cfair_favorite_push_random,age,10,80,,0.25,168,y,o,0.1289183222958057,0.2060741441536143,0.1860890617170399,,,,,,,0.1298136645962732,0.1974785566400473,0.1809097031512321,0.1267175572519084,0.2272022294923058,0.1988200041459721,,,,1.0244331362717949,0.8691752588930247,0.9099170072364022,79802.5,0.9310066920197483
rk_a5c7823d0c8e52034231,ml-100k,ease-u,cfair_favorite_push_random,age,10,80,,0.5,336,y,o,0.1299116997792494,0.2051092364834086,0.1864025627740505,,,,,,,0.13027950310559,0.1949133638962831,0.1801514444999301,0.1290076335877862,0.23017084696474,0.2017679069287586,,,,1.0098588702267637,0.8468203791514135,0.8928647139286574,82971.5,0.6705205506895613
rk_7b99eb08c2872d6b23e9,ml-100k,ease-u,cfair_favorite_push_random,age,10,80,,0.75,503,y,o,0.1298013245033112,0.2043856652300361,0.1862904019558182,,,,,,,0.1309006211180124,0.1958388790298728,0.1808772914296807,0.1270992366412213,0.2253937961953228,0.199595910271973,,,,1.0299087907783562,0.8688743094781625,0.9062174229081849,81303.5,0.832835585511082
rk_db8dda05c51f7cb70c53,ml-100k,ease-u,cfair_favorite_push_random,age,10,80,,1.0,671,y,o,0.1313465783664459,0.2068888188093486,0.187998291611469,,,,,,,0.1316770186335404,0.1962030464359656,0.1818502265307026,0.1305343511450381,0.2331546104446867,0.203110329443582,,,,1.0087537684791692,0.8415147616500278,0.8953273180585094,84347.5,0.5020938059615219
rk_4c0b0cda85d6261bf532,ml-100k,slim-i,cfair_favorite_push_random,age,10,80,,0.1,67,y,o,0.1346578366445916,0.2108767826483058,0.1913079302469098,,,,,,,0.134472049689441,0.2011405649216208,0.1843882852559111,0.1351145038167938,0.234808554465043,0.2083165232782197,,,,0.9952451135207218,0.8566151492217696,0.8851351892506819,87981.5,0.12819694264056503
rk_807a4dec1852c001f6ac,ml-100k,slim-i,cfair_favorite_push_random,age,10,80,,0.25,168,y,o,0.1345474613686534,0.2103507480990925,0.1912314039078014,,,,,,,0.134472049689441,0.2003746426106674,0.1841926501799538,0.1347328244274809,0.2348721676965952,0.2085327680327398,,,,0.998064504777154,0.8531221241569533,0.8832791695885197,88703.0,0.0902159036606458
rk_95927d5c33836dde6e85,ml-100k,slim-i,cfair_favorite_push_random,age,10,80,,0.5,336,y,o,0.1341059602649006,0.21043703353306,0.1910236713703045,,,,,,,0.1338509316770186,0.2004245538795228,0.1839848167894313,0.1347328244274809,0.2350478613837392,0.2083252833935197,,,,0.9934545070645576,0.8526967771568431,0.883161245684663,88412.0,0.10768844918814507
rk_715ab93b4737873ab7a9,ml-100k,slim-i,cfair_favorite_push_random,age,10,80,,0.75,503,y,o,0.1344370860927152,0.2107418795332702,0.1910835081236908,,,,,,,0.134472049689441,0.2009421522232081,0.1839315291133512,0.1343511450381679,0.2348297588755604,0.2086631817216246,,,,1.0008999153020892,0.8556928780465605,0.8814757236795728,88603.5,0.0970921064889444
rk_58180cb83fcf42b8769e,ml-100k,slim-i,cfair_favorite_push_random,age,10,80,,1.0,671,y,o,0.1337748344370861,0.2096828024808157,0.1904129554164517,,,,,,,0.1335403726708074,0.1995187567780735,0.1836951043532087,0.1343511450381679,0.2346661819944262,0.2069255358925145,,,,0.9939652738565782,0.850223730928611,0.887735308070568,86381.5,0.2671245930092978
rk_ececfa9d6bdb9912fb9c,ml-100k,slim-u,cfair_favorite_push_random,age,10,80,,0.1,67,y,o,0.1341059602649006,0.2032924244016959,0.1872865086898804,,,,,,,0.1343167701863354,0.1934696342305038,0.1820480288269857,0.1335877862595419,0.2274369926087483,0.2001627721696673,,,,1.0054569653948535,0.8506515673258248,0.9094999377440344,86625.0,0.21047622138728178
rk_fda4dcf9126cde335d81,ml-100k,slim-u,cfair_favorite_push_random,age,10,80,,0.25,168,y,o,0.133774834437086,0.2037834191807702,0.1869206768155544,,,,,,,0.1338509316770186,0.194112935029084,0.1822929350788398,0.1335877862595419,0.2275536168665939,0.1982957366569447,,,,1.0019698314108252,0.8530426266214223,0.9192983074276072,84593.5,0.468926359075025
rk_a72de3c3dab6c8358b08,ml-100k,slim-u,cfair_favorite_push_random,age,10,80,,0.5,336,y,o,0.1341059602649006,0.2044272749570762,0.1868109091021126,,,,,,,0.1338509316770186,0.1941776348220447,0.1820420785727276,0.1347328244274809,0.2296210468920392,0.1985327673499137,,,,0.9934545070645576,0.8456438878329003,0.9169371938078044,85153.5,0.396130538458266
rk_62bccc7112bbee49308f,ml-100k,slim-u,cfair_favorite_push_random,age,10,80,,0.75,503,y,o,0.1337748344370861,0.2046694873681628,0.1868026739109917,,,,,,,0.1335403726708074,0.1946909198461993,0.1822650858938683,0.1343511450381679,0.2291969586816915,0.1979561345332339,,,,0.9939652738565782,0.8494480946258361,0.9207347189499132,85548.5,0.34723435911853795
rk_d6cc88cf9e10a2949d23,ml-100k,slim-u,cfair_favorite_push_random,age,10,80,,1.0,671,y,o,0.1339955849889624,0.2049638214373314,0.1872682247111787,,,,,,,0.1335403726708074,0.1946909198461993,0.1824047069720964,0.1351145038167939,0.2302147703865261,0.1992228255660221,,,,0.9883496508404392,0.8456925657694208,0.9155813670138304,86491.5,0.24086582901803189
rk_8482d8ec8a1559549edc,ml-100k,svd,cfair_favorite_push_random,age,10,80,,0.1,67,y,o,0.1189845474613686,0.1848580013315112,0.162822669942447,,,,,,,0.1209627329192546,0.1755212954747116,0.1603637957844945,0.1141221374045801,0.2078077668726523,0.1688666201627577,,,,1.0599410041754087,0.844632989979983,0.9496476901706926,91507.0,0.01240189700271356
rk_ec59294409a4aa4f5498,ml-100k,svd,cfair_favorite_push_random,age,10,80,,0.25,168,y,o,0.11280353200883,0.1777633238725954,0.1572458647349232,,,,,,,0.1118012422360248,0.1645241792369121,0.1516658416595807,0.115267175572519,0.2103053435114504,0.1709616466453071,,,,0.9699313068158448,0.7823109793116331,0.8871337205486838,95002.5,0.0006564401049301233
rk_6c0ad44e8339736efc21,ml-100k,svd,cfair_favorite_push_random,age,10,80,,0.5,336,y,o,0.1067328918322295,0.1679307263744349,0.1520151617389492,,,,,,,0.1051242236024844,0.1560725377107364,0.146323718574786,0.1106870229007633,0.1970783351508542,0.1660048159287242,,,,0.9497429856500322,0.7919314803997621,0.8814426121083835,94063.0,0.001997086337514722
rk_1d5d34b709f6f447419a,ml-100k,svd,cfair_favorite_push_random,age,10,80,,0.75,503,y,o,0.1033112582781456,0.16215617225551,0.1481208269845861,,,,,,,0.1007763975155279,0.1506013999802819,0.1423011821969252,0.1095419847328244,0.1905579789167575,0.1624256027221957,,,,0.9199796567619628,0.7903179957952323,0.8761006874040033,94653.0,0.0012725874637126275
rk_ee7fa7516931f67d850b,ml-100k,svd,cfair_favorite_push_random,age,10,80,,1.0,671,y,o,0.1008830022075055,0.1585413819685343,0.1457166475789,,,,,,,0.0978260869565217,0.1453736567090604,0.138761778205399,0.1083969465648855,0.1909078516902944,0.1628118226801772,,,,0.9024800979791796,0.7614860018690947,0.8522831814123146,95355.5,0.0006625167124691049
rk_2d729f67efea5ca03e16,ml-100k,mf,cfair_favorite_push_random,age,10,80,,0.1,67,y,o,0.0830022075055187,0.1313895020848663,0.1149503096821621,,,,,,,0.0793478260869565,0.1175207039337474,0.1064836524750539,0.0919847328244274,0.1654792196776929,0.1357614823591763,,,,0.8626195201154607,0.71018405913833,0.7843436195940781,88415.5,0.12038809562874714
rk_4fada063dbe40b9ead73,ml-100k,mf,cfair_favorite_push_random,age,10,80,,0.25,168,y,o,0.0854304635761589,0.1317061740074985,0.119957128659453,,,,,,,0.0829192546583851,0.1225506506950606,0.1148147818916778,0.0916030534351145,0.1542105900884527,0.1325970955237553,,,,0.9052018633540374,0.7946967236476274,0.8658921331433562,85820.5,0.33610523657658387
rk_0f02976ba6f7dce3eb31,ml-100k,mf,cfair_favorite_push_random,age,10,80,,0.5,336,y,o,0.0791390728476821,0.1218100669259609,0.1109933528241467,,,,,,,0.0773291925465838,0.1136417972986296,0.1062057930478232,0.0835877862595419,0.141887798376348,0.1227612478468654,,,,0.925125499872373,0.8009272016273185,0.8651410352255974,85320.0,0.39043278197974574
rk_9b4c81497966a699497f,ml-100k,mf,cfair_favorite_push_random,age,10,80,,0.75,503,y,o,0.0733995584988962,0.111496986579768,0.1012443017843141,,,,,,,0.0732919254658385,0.105561101252095,0.0989040751070686,0.0736641221374045,0.1260874833393917,0.106996614685635,,,,0.9949473819714864,0.8372052360499139,0.924366396055212,82484.0,0.7086000438211366
rk_b59f6f6872ae9c55bb4a,ml-100k,mf,cfair_favorite_push_random,age,10,80,,1.0,671,y,o,0.0620309050772626,0.08638792529521,0.0762218212364859,,,,,,,0.0656832298136645,0.0911435226264418,0.0803229923481861,0.0530534351145038,0.0746985944505028,0.0661410800306272,,,,1.2380580008043254,1.2201504365230842,1.2144191221400051,78516.5,0.9541489030998019
rk_74934722aad4e7fd6133,ml-100k,nmf,cfair_favorite_push_random,age,10,80,,0.1,67,y,o,0.1165562913907284,0.1804889799922912,0.1635795862319772,,,,,,,0.1166149068322981,0.1699170610273094,0.159687170738702,0.116412213740458,0.2064749182115594,0.1731472029406383,,,,1.0017411668872824,0.8229428663737652,0.922262491259816,87230.5,0.19707125104850415
rk_a423f649a3cab70f245d,ml-100k,nmf,cfair_favorite_push_random,age,10,80,,0.25,168,y,o,0.116887417218543,0.1778110655594099,0.1626617869510636,,,,,,,0.1170807453416149,0.1680081090407177,0.1595665232033954,0.116412213740458,0.2019068823458136,0.1702699924987671,,,,1.0057427960492822,0.8321068954596793,0.937138252382027,87106.0,0.21022643508431538
rk_d6c59f0109b9b47298ce,ml-100k,nmf,cfair_favorite_push_random,age,10,80,,0.5,336,y,o,0.119205298013245,0.1802581555064998,0.161538509312625,,,,,,,0.1187888198757764,0.1691683919944789,0.1563166896363094,0.1202290076335877,0.2075169635284139,0.1743738217994465,,,,0.9880212954747116,0.8152027146027311,0.8964458542182708,91640.0,0.01713415858138292
rk_a46c3e4eaebd3d1a44a3,ml-100k,nmf,cfair_favorite_push_random,age,10,80,,0.75,503,y,o,0.1161147902869757,0.1750600056063632,0.1568518123206845,,,,,,,0.1144409937888198,0.1632437395247954,0.1521411406787003,0.1202290076335877,0.2041045680358657,0.1684307151353327,,,,0.951858424529232,0.799804438948715,0.9032862002423738,87487.0,0.18202306816379382
rk_36d61cb0150a4e355bfe,ml-100k,nmf,cfair_favorite_push_random,age,10,80,,1.0,671,y,o,0.1158940397350993,0.1716699078454045,0.1555008072240802,,,,,,,0.1153726708074534,0.1633293897269052,0.1507817700706942,0.1171755725190839,0.1921710287168302,0.1671002725934719,,,,0.984613672689016,0.8499168205399786,0.9023430526503212,89969.5,0.05193667659635702
rk_e0b5bb30e4f95fcf425b,ml-100k,neumf,cfair_favorite_push_random,age,10,69,,0.1,67,y,o,0.0945916114790287,0.1413412348014996,0.1305447864625645,,,,,,,0.0956521739130434,0.1338768115942029,0.1275130955609387,0.0919847328244274,0.1596889010056948,0.1379967289841182,,,,1.0398701064405556,0.8383601537180629,0.9240298411393068,86625.0,0.25515711103929717
rk_523fbd4a7e506658ecce,ml-100k,neumf,cfair_favorite_push_random,age,10,69,,0.25,168,y,o,0.0951434878587196,0.1459783103822838,0.1309791406553285,,,,,,,0.0928571428571428,0.1355004683032633,0.1253086507688515,0.1007633587786259,0.171733006179571,0.1449172913686537,,,,0.9215367965367964,0.789018205164233,0.864690814915109,89968.0,0.05095116487636899
rk_37251c770a8096cea878,ml-100k,neumf,cfair_favorite_push_random,age,10,69,,0.5,336,y,o,0.0928256070640176,0.1373550229510494,0.1249713325083862,,,,,,,0.0948757763975155,0.1329728630582667,0.1258244384684495,0.0877862595419847,0.1481264388707136,0.1228743850340323,,,,1.0807588441803944,0.8976983722286533,1.0240086933790156,80965.0,0.8398100306642695
rk_455566bf4f4e568a53d6,ml-100k,neumf,cfair_favorite_push_random,age,10,69,,0.75,503,y,o,0.0977924944812362,0.1467745891586951,0.1301220116859034,,,,,,,0.0982919254658385,0.1423475549640146,0.1282105657106206,0.0965648854961832,0.1576563067975281,0.1348203750755296,,,,1.0178847617410949,0.9028979420837632,0.9509732163168516,84319.0,0.5052764329879189
rk_8b81504a4846ffd7e489,ml-100k,neumf,cfair_favorite_push_random,age,10,69,,1.0,671,y,o,0.0998896247240618,0.1517598724552367,0.133721238860639,,,,,,,0.099223602484472,0.1420394607118209,0.1290212861062546,0.1015267175572519,0.1756527929237853,0.1452737944859194,,,,0.9773151823658524,0.8086376444549392,0.8881249819544016,86485.5,0.2681826604474471
rk_26e1358ae4743ed2b8c3,ml-100k,bnslim-u-age,cfair_favorite_push_random,age,10,80,,0.1,67,y,o,0.1342163355408388,0.2034027996776341,0.187238517730266,,,,,,,0.134472049689441,0.1936249137336093,0.1820164717359869,0.1335877862595419,0.2274369926087483,0.2000743865100973,,,,1.00661934338953,0.8513343036798563,0.909743995275482,87128.5,0.1628915362321628
rk_e7176b4763c4fc15763d,ml-100k,bnslim-u-age,cfair_favorite_push_random,age,10,80,,0.25,168,y,o,0.1338852097130242,0.2038937944567083,0.1868623540183303,,,,,,,0.1340062111801242,0.1942682145321896,0.1824042407659818,0.1335877862595419,0.2275536168665939,0.1978204644554006,,,,1.0031322094055015,0.8537250130639836,0.9220696214021156,84795.5,0.4420596236533212
rk_3782008ac09d5f715ebd,ml-100k,bnslim-u-age,cfair_favorite_push_random,age,10,80,,0.5,336,y,o,0.1338852097130242,0.2040930831493745,0.1866318468458432,,,,,,,0.1335403726708074,0.1937463028689737,0.1817778600146165,0.1347328244274809,0.229525627044711,0.1985630205836676,,,,0.9911495082082592,0.844116212048219,0.9154668350646972,86404.0,0.249325380101589
rk_c02de3429a6476d313fa,ml-100k,bnslim-u-age,cfair_favorite_push_random,age,10,80,,0.75,503,y,o,0.1336644591611479,0.2042862398822663,0.186565630034198,,,,,,,0.1333850931677018,0.1941905747806369,0.1819487820491502,0.1343511450381679,0.2291015388343632,0.1979139128676744,,,,0.9928095002823264,0.8476179416718522,0.9193329534685188,86220.5,0.26984719328596857
rk_894a0f9f41773c2c4c8e,ml-100k,bnslim-u-age,cfair_favorite_push_random,age,10,80,,1.0,671,y,o,0.1338852097130242,0.2046081677704194,0.1869979208607496,,,,,,,0.1333850931677018,0.1941905747806369,0.1820289385087055,0.1351145038167939,0.2302147703865261,0.1992117553444001,,,,0.9872004070603922,0.8435191819125883,0.9137459694284172,87697.0,0.136355013949857
rk_fc22c4a1aa7819978083,ml-100k,mf-value-age,cfair_favorite_push_random,age,10,80,,0.1,67,y,o,0.0823399558498896,0.1278934090192368,0.1142774571009162,,,,,,,0.0759316770186335,0.1118431430543231,0.1023063959043429,0.0980916030534351,0.1673452078032231,0.1437025082863864,,,,0.7740894699954081,0.6683378898177751,0.7119318731754862,93601.5,0.0039022473421561985
rk_b7255252ae32d8c26568,ml-100k,mf-value-age,cfair_favorite_push_random,age,10,80,,0.25,168,y,o,0.0831125827814569,0.1265268579838116,0.1185269665977745,,,,,,,0.0787267080745341,0.1167486197377501,0.1115812667509048,0.0938931297709923,0.1505619168787107,0.1355996028625992,,,,0.8384714437206483,0.7754193235451444,0.8228731087359324,88676.5,0.10758258493853695
rk_5c70b1762988e91fec5b,ml-100k,mf-value-age,cfair_favorite_push_random,age,10,80,,0.5,336,y,o,0.0684326710816777,0.102805809593889,0.0883428352052753,,,,,,,0.0692546583850931,0.1007338805087252,0.0886512934931403,0.066412213740458,0.1078986429177269,0.0875846400244165,,,,1.04280002855715,0.9335972889439876,1.01217854487301,83362.5,0.6150444915589952
rk_6bdb5abdd9a922b444bc,ml-100k,mf-value-age,cfair_favorite_push_random,age,10,80,,0.75,503,y,o,0.0745033112582781,0.1131399138021654,0.1023828013239242,,,,,,,0.0737577639751552,0.1080837769890565,0.1010517105375679,0.0763358778625954,0.1255679752817157,0.1056546427987847,,,,0.966226708074534,0.8607590967885492,0.9564341694857372,85987.5,0.31942345033686204
rk_7c3a5441670a51a79e7e,ml-100k,mf-value-age,cfair_favorite_push_random,age,10,80,,1.0,671,y,o,0.07560706401766,0.1134736676127404,0.1058283553151203,,,,,,,0.0748447204968944,0.1117192891649413,0.105657439723475,0.0774809160305343,0.1177859566218345,0.1062484684487825,,,,0.9659761955756816,0.948494136050778,0.9944372965188444,85763.5,0.3434977088076352
rk_df5e97021d30634198ec,ml-100k,mf-absolute-age,cfair_favorite_push_random,age,10,80,,0.1,67,y,o,0.0814569536423841,0.1234306562948947,0.1109028858007506,,,,,,,0.0753105590062111,0.1082082470669427,0.0990844590632281,0.0965648854961832,0.160847570580395,0.1399527591555769,,,,0.7798959074951514,0.6727378391634331,0.7079850348150833,94134.5,0.0022176220328372015
rk_ab4e0fcd6de3bf6e06d7,ml-100k,mf-absolute-age,cfair_favorite_push_random,age,10,80,,0.25,168,y,o,0.082560706401766,0.1232383755562563,0.1164060354944497,,,,,,,0.0798136645962732,0.117230479148181,0.1113302537938656,0.0893129770992366,0.1380058766509148,0.128882384407336,,,,0.8936401762488719,0.8494600519419543,0.8638128034782752,87351.0,0.19258212460472152
rk_cde5f11f4620745846b0,ml-100k,mf-absolute-age,cfair_favorite_push_random,age,10,80,,0.5,336,y,o,0.0442604856512141,0.071757945267879,0.0564008142081047,,,,,,,0.0459627329192546,0.0706497091590259,0.0566226105168776,0.0400763358778625,0.0744820065430752,0.0558556354949378,,,,1.1468796214137829,0.948547339660714,1.0137313811783482,81538.5,0.8013323680304977
rk_2d6f71b56aeea42785ed,ml-100k,mf-absolute-age,cfair_favorite_push_random,age,10,80,,0.75,503,y,o,0.0751655629139072,0.1172763586670871,0.1045596749042029,,,,,,,0.0745341614906832,0.1131765749778172,0.1031861125928335,0.0767175572519084,0.12735368956743,0.1079359120359659,,,,0.9715398164457216,0.8886792001255179,0.9559942622104338,84304.0,0.5070474766626937
rk_b17bbfa14c95c3bad727,ml-100k,mf-absolute-age,cfair_favorite_push_random,age,10,80,,1.0,671,y,o,0.0501103752759381,0.0781929990539262,0.0641136739805383,,,,,,,0.0572981366459627,0.0835742630385487,0.0709791183936927,0.032442748091603,0.0649657700230219,0.0472383067970595,,,,1.766130800146145,1.2864353490912606,1.5025754140305243,73002.0,0.999653039017703
rk_b9bf0bf37246aa08d094,ml-100k,mf-under-age,cfair_favorite_push_random,age,10,80,,0.1,67,y,o,0.0844370860927152,0.1274808157258488,0.1127842201079058,,,,,,,0.0809006211180124,0.1164097160603371,0.1037564260010902,0.0931297709923664,0.1546937477280988,0.1349746758513763,,,,0.868686997250789,0.7525172656941991,0.7687103180402434,94043.5,0.0024092409107165673
rk_1deee3fc8928553ff728,ml-100k,mf-under-age,cfair_favorite_push_random,age,10,80,,0.25,168,y,o,0.0826710816777042,0.1267406005816602,0.1172558908301463,,,,,,,0.0798136645962733,0.1185583653751355,0.1121767747515083,0.0896946564885496,0.1468526596389192,0.1297404356951953,,,,0.8898374520946215,0.8073286903120888,0.864624618766118,89847.5,0.054257335780801004
rk_4b669d842deef22d201b,ml-100k,mf-under-age,cfair_favorite_push_random,age,10,80,,0.5,336,y,o,0.0377483443708609,0.0589294474228248,0.0452760759161275,,,,,,,0.0391304347826086,0.0576672335600907,0.046441387267096,0.0343511450381679,0.0620319883678662,0.0424117228244338,,,,1.1391304347826086,0.929637032076235,1.0950129863703804,85220.5,0.39358735439407033
rk_39fca0600b8f1494bfab,ml-100k,mf-under-age,cfair_favorite_push_random,age,10,80,,0.75,503,y,o,0.076158940397351,0.1158314061459756,0.1064825733023022,,,,,,,0.0751552795031056,0.1102958937198067,0.1034932794535113,0.0786259541984732,0.1294377802011389,0.1138303032207042,,,,0.9558584092142556,0.8521151517618211,0.9091891748091844,86506.0,0.2644934391352989
rk_96033e978d61584becb8,ml-100k,mf-under-age,cfair_favorite_push_random,age,10,80,,1.0,671,y,o,0.0218543046357615,0.0382498510809769,0.0271235084596204,,,,,,,0.0262422360248447,0.0429310854776693,0.031406227987887,0.0110687022900763,0.0267433054646795,0.0165965184741101,,,,2.370850289141144,1.6053021394221214,1.8923383260699744,80312.5,0.9057686294834788
rk_5c9a512bf12d1cc2aa0a,ml-100k,mf-over-age,cfair_favorite_push_random,age,10,80,,0.1,67,y,o,0.0818984547461368,0.1247993973159536,0.1106448978708645,,,,,,,0.0781055900621117,0.113704648526077,0.1024904262800566,0.0912213740458015,0.1520704592269477,0.1306887135368197,,,,0.8562202759946983,0.7477102989239082,0.7842331866797464,85154.5,0.41009265742637346
rk_a287aa71a417f811d881,ml-100k,mf-over-age,cfair_favorite_push_random,age,10,80,,0.25,168,y,o,0.0855408388520971,0.1333276393706857,0.1188967352175538,,,,,,,0.0838509316770186,0.1261344030365769,0.1131316377924715,0.0896946564885496,0.1510087241003271,0.1330674327051605,,,,0.9348486850799526,0.8352789137717352,0.850182764426958,83076.5,0.644496974604301
rk_3aa30f5a4dd8580ebf04,ml-100k,mf-over-age,cfair_favorite_push_random,age,10,80,,0.5,336,y,o,0.0780353200883002,0.1200177826833456,0.1086282054195037,,,,,,,0.0771739130434782,0.1146129103815439,0.1053381505944323,0.0801526717557251,0.1333030413183085,0.1167152104093738,,,,0.9628364389233957,0.8597921641402372,0.9025229036126746,81130.0,0.8244724143481803
rk_e351ea759340fddf1698,ml-100k,mf-over-age,cfair_favorite_push_random,age,10,80,,0.75,503,y,o,0.0737306843267108,0.1152541259329339,0.1016978796292741,,,,,,,0.0736024844720497,0.1096026816523711,0.1000855561084779,0.0740458015267175,0.1291454622561492,0.1056609954590175,,,,0.9940129346225268,0.848676211596063,0.947232757685857,80176.5,0.8868640379733481
rk_d8397901880bd9cbea9c,ml-100k,mf-over-age,cfair_favorite_push_random,age,10,80,,1.0,671,y,o,0.0768211920529801,0.1141205893689337,0.1087651814953287,,,,,,,0.0777950310559006,0.11354074238391,0.1097964859126681,0.0744274809160305,0.1155458621107476,0.1062302194924029,,,,1.0452460582895364,0.9826465466594064,1.0335711103422904,77226.5,0.9801779520072789
